r,encoder_repredicted_geometry0,encoder_basis_reused_geometry0,fno_geometry0,encoder_repredicted_median20,encoder_basis_reused_median20,fno_median20
0.2000,0.16536,0.15148,0.17457,0.13776,0.13332,0.16722
0.2067,0.16511,0.15175,0.17328,0.13791,0.13365,0.16547
0.2133,0.16488,0.15203,0.17234,0.13807,0.13398,0.16183
0.2200,0.16466,0.15231,0.17164,0.13823,0.13428,0.15920
0.2267,0.16446,0.15261,0.17111,0.13841,0.13451,0.15709
0.2333,0.16427,0.15292,0.17068,0.13860,0.13475,0.15533
0.2400,0.16409,0.15325,0.17030,0.13879,0.13500,0.15385
0.2467,0.16394,0.15358,0.16993,0.13900,0.13525,0.15261
0.2533,0.16379,0.15393,0.16956,0.13922,0.13552,0.15157
0.2600,0.16367,0.15429,0.16915,0.13944,0.13579,0.15067
0.2667,0.16356,0.15467,0.16869,0.13968,0.13608,0.14991
0.2733,0.16347,0.15506,0.16819,0.13986,0.13638,0.14926
0.2800,0.16340,0.15546,0.16763,0.13979,0.13669,0.14783
0.2867,0.16335,0.15588,0.16703,0.13972,0.13701,0.14597
0.2933,0.16331,0.15632,0.16638,0.13967,0.13738,0.14554
0.3000,0.16330,0.15677,0.16569,0.13962,0.13777,0.14523
0.3067,0.16330,0.15724,0.16498,0.13959,0.13798,0.14497
0.3133,0.16333,0.15773,0.16424,0.13956,0.13811,0.14475
0.3200,0.16338,0.15823,0.16350,0.13955,0.13825,0.14457
0.3267,0.16345,0.15875,0.16276,0.13954,0.13841,0.14443
0.3333,0.16354,0.15929,0.16203,0.13955,0.13859,0.14432
0.3400,0.16366,0.15985,0.16133,0.13958,0.13885,0.14423
0.3467,0.16380,0.16044,0.16065,0.13965,0.13934,0.14418
0.3533,0.16396,0.16104,0.16002,0.14012,0.13984,0.14416
0.3600,0.16415,0.16166,0.15943,0.14061,0.14037,0.14416
0.3667,0.16437,0.16230,0.15890,0.14119,0.14115,0.14419
0.3733,0.16461,0.16297,0.15843,0.14190,0.14196,0.14426
0.3800,0.16489,0.16366,0.15803,0.14276,0.14280,0.14435
0.3867,0.16519,0.16437,0.15769,0.14364,0.14367,0.14447
0.3933,0.16552,0.16511,0.15743,0.14455,0.14456,0.14462
0.4000,0.16588,0.16588,0.15724,0.14549,0.14549,0.14480
0.4067,0.16627,0.16667,0.15713,0.14619,0.14614,0.14501
0.4133,0.16669,0.16748,0.15710,0.14681,0.14672,0.14525
0.4200,0.16715,0.16833,0.15714,0.14746,0.14733,0.14552
0.4267,0.16764,0.16920,0.15726,0.14815,0.14796,0.14593
0.4333,0.16816,0.17010,0.15745,0.14886,0.14863,0.14644
0.4400,0.16872,0.17103,0.15772,0.14960,0.14932,0.14699
0.4467,0.16932,0.17199,0.15806,0.15038,0.15005,0.14756
0.4533,0.16996,0.17298,0.15846,0.15119,0.15081,0.14817
0.4600,0.17063,0.17400,0.15894,0.15204,0.15161,0.14880
0.4667,0.17135,0.17506,0.15947,0.15293,0.15245,0.14947
0.4733,0.17210,0.17615,0.16006,0.15385,0.15332,0.15017
0.4800,0.17290,0.17727,0.16072,0.15481,0.15424,0.15091
0.4867,0.17374,0.17843,0.16143,0.15582,0.15509,0.15169
0.4933,0.17462,0.17962,0.16219,0.15679,0.15568,0.15250
0.5000,0.17555,0.18086,0.16301,0.15750,0.15630,0.15337
0.5067,0.17653,0.18213,0.16388,0.15824,0.15696,0.15435
0.5133,0.17756,0.18343,0.16480,0.15903,0.15766,0.15492
0.5200,0.17863,0.18478,0.16578,0.15986,0.15841,0.15554
0.5267,0.17975,0.18616,0.16681,0.16073,0.15920,0.15622
0.5333,0.18092,0.18759,0.16789,0.16164,0.16009,0.15698
0.5400,0.18215,0.18906,0.16904,0.16261,0.16137,0.15783
0.5467,0.18343,0.19057,0.17026,0.16363,0.16271,0.15879
0.5533,0.18476,0.19213,0.17155,0.16470,0.16413,0.15987
0.5600,0.18615,0.19372,0.17292,0.16582,0.16561,0.16109
0.5667,0.18759,0.19537,0.17438,0.16701,0.16718,0.16247
0.5733,0.18910,0.19706,0.17595,0.16826,0.16882,0.16403
0.5800,0.19066,0.19879,0.17763,0.16958,0.17111,0.16579
0.5867,0.19228,0.20058,0.17944,0.17146,0.17321,0.16777
0.5933,0.19396,0.20241,0.18140,0.17339,0.17534,0.17000
0.6000,0.19571,0.20429,0.18352,0.17497,0.17756,0.17249
