freq,method,n,dim,field_error
low,oracle,4,10,0.029099474055846942
low,oracle,6,21,0.026833079352028128
low,oracle,8,36,0.02575957026961502
low,oracle,12,78,0.02539485979813223
low,oracle,16,136,0.024173976987687765
low,oracle,24,300,0.0234960116614636
low,coarse_r1,,20,0.8124923469013035
low,coarse_r2,,88,0.5434295952527745
low,coarse_r3,,368,0.32795916110212187
gap,oracle,4,10,0.39487026220869387
gap,oracle,6,21,0.3753481076588773
gap,oracle,8,36,0.06835172683023048
gap,oracle,12,78,0.05076439753746119
gap,oracle,16,136,0.060901372234993055
gap,oracle,24,300,0.059499832219796704
gap,coarse_r1,,20,0.6819368291701298
gap,coarse_r2,,88,0.4232528913980579
gap,coarse_r3,,368,0.26394343809724446
near,oracle,4,10,0.9798127801040575
near,oracle,6,21,0.9796768047094053
near,oracle,8,36,0.9798195779453787
near,oracle,12,78,0.9807949042429082
near,oracle,16,136,0.9812657480880236
near,oracle,24,259,0.5803082257033921
near,coarse_r1,,20,0.7526960826266669
near,coarse_r2,,88,0.5593767192423321
near,coarse_r3,,368,0.2449533619060175
