surrogate,r_bin,coverage,spearman_eta_D_mean,spearman_std
coarse_r2,0.2-0.3,0.7405,,
coarse_r2,0.3-0.4,0.8790,,
coarse_r2,0.4-0.5,0.9790,,
coarse_r2,0.5-0.6,0.9952,,
coarse_r3,0.2-0.3,0.7905,,
coarse_r3,0.3-0.4,0.8857,,
coarse_r3,0.4-0.5,0.9654,,
coarse_r3,0.5-0.6,0.9944,,
pod_16,0.2-0.3,1.0000,,
pod_16,0.3-0.4,0.9937,,
pod_16,0.4-0.5,0.8826,,
pod_16,0.5-0.6,0.7103,,
pod_64,0.2-0.3,0.9769,,
pod_64,0.3-0.4,0.9384,,
pod_64,0.4-0.5,0.8708,,
pod_64,0.5-0.6,0.8422,,
pod_128,0.2-0.3,0.9866,,
pod_128,0.3-0.4,0.9275,,
pod_128,0.4-0.5,0.8691,,
pod_128,0.5-0.6,0.8195,,
coarse_r2,,,-0.3281,0.0298
coarse_r3,,,-0.1550,0.0258
pod_16,,,0.9223,0.0096
pod_64,,,0.9207,0.0081
pod_128,,,0.9332,0.0077
