method,N,speedup,t_full_ms,t_eta_ms
dense_q16,1504,2.760,,
dense_q16,6080,5.908,,
dense_q16,24448,7.323,,
dense_q16,98048,13.371,,
dense_q16,392704,20.250,,
dense_q64,1504,2.052,,
dense_q64,6080,2.512,,
dense_q64,24448,2.795,,
dense_q64,98048,3.693,,
dense_q64,392704,6.746,,
dense_q128,1504,0.812,,
dense_q128,6080,0.870,,
dense_q128,24448,1.149,,
dense_q128,98048,1.622,,
dense_q128,392704,3.202,,
coarse_r2,1504,1.634,,
coarse_r2,6080,2.074,,
coarse_r2,24448,2.159,,
coarse_r2,98048,2.870,,
coarse_r2,392704,5.640,,
coarse_r3,1504,0.142,,
coarse_r3,6080,0.181,,
coarse_r3,24448,0.227,,
coarse_r3,98048,0.461,,
coarse_r3,392704,1.044,,
full,1504,,2.657568998984061,0.027422996936365962
full,6080,,13.352560003113467,0.08751699351705611
full,24448,,86.01638300024206,0.4172789995209314
full,98048,,726.5986940037692,2.176863003114704
full,392704,,6780.923197999073,16.72491199860815
