model,training_instances,median_field_error
"encoder, 36 dim",25,0.4764
"encoder, 36 dim",50,0.3522
"encoder, 36 dim",100,0.2435
"encoder, 36 dim",200,0.2038
"encoder, 36 dim",400,0.1798
"encoder, 78 dim (100 and 400 only)",100,0.2164
"encoder, 78 dim (100 and 400 only)",400,0.1449
"FNO, 1.19M parameters",25,0.4481
"FNO, 1.19M parameters",50,0.3197
"FNO, 1.19M parameters",100,0.2408
"FNO, 1.19M parameters",200,0.1878
"FNO, 1.19M parameters",400,0.1501
POD-136,25,0.6648
POD-136,50,0.3776
POD-136,100,0.2645
POD-136,200,0.2850
POD-136,400,0.2727
