repeat,method,n_train,dim,median_field,mean_field,median_energy,frac_energy5,frac_field10,median_field_bin_0.2_0.3,median_field_bin_0.3_0.4,median_field_bin_0.4_0.5,median_field_bin_0.5_0.6,roundtrip_floor,fit_seconds,final_train_loss
0,fno,25,1188868,0.46027823688732716,0.47374576703071836,0.22197001834245403,0.10666666666666667,0.0,0.4343163756299999,0.4191244746916002,0.4734386065740692,0.5146182966696702,0.0016098079558539238,4.14703369140625,0.15168914198875427
0,pod36,25,36,0.5169325123838133,0.6799658231405542,0.0996132033362484,0.2966666666666667,0.0,0.6731323687392131,0.6200303717886646,0.50486297440538,0.4370235707223293,,,
0,pod136,25,50,0.6374325683421181,0.790756448998686,0.16038568651884255,0.22666666666666666,0.0,0.6699854804432742,0.6880171734616756,0.6023673282458503,0.5980192180346643,,,
0,fno,50,1188868,0.3373170725026327,0.3429040562240323,0.12496630516807682,0.22666666666666666,0.0,0.3083527843894728,0.3044129828486189,0.35582425176209836,0.376311437963849,0.0016098079558539238,7.171307563781738,0.17473189532756805
0,pod36,50,36,0.5756495889633781,0.7632446978950442,0.18260941878776327,0.17,0.0,0.5460501881293904,0.5688150199595029,0.6911016235564313,0.5469655503794539,,,
0,pod136,50,100,0.3990908555291174,0.486914859108057,0.08090889326569911,0.39,0.0,0.41413700565786626,0.34696568652741516,0.3998116546741724,0.43972581006815453,,,
0,fno,100,1188868,0.23677706357206013,0.24831941332514754,0.08447087701374989,0.31,0.0,0.22975625256814833,0.2275596915901672,0.24037088893011715,0.25513108274197316,0.0016098079558539238,12.44148063659668,0.1717240810394287
0,pod36,100,36,0.49953632434108514,0.6771767482828066,0.13176472362925884,0.23,0.0,0.3767999863114523,0.5758081037712327,0.6932230467046602,0.49328873227243514,,,
0,pod136,100,136,0.27301930309201494,0.3182042961977605,0.04211841256387967,0.5566666666666666,0.023333333333333334,0.2733221259592154,0.29173428648600497,0.32560064482140877,0.20642978555036584,,,
0,fno,200,1188868,0.1882204090820832,0.19881676818960262,0.06495449375673645,0.4,0.0,0.19554651501967654,0.1804768764222786,0.18353827011978555,0.19779326465091748,0.0016098079558539238,24.410293102264404,0.1232803463935852
0,pod36,200,36,0.27344979211661075,0.2842780580909739,0.05071827084882786,0.49333333333333335,0.0,0.3202087170915325,0.25247106292841603,0.2800102164126836,0.25565937307122255,,,
0,pod136,200,136,0.23987555017000256,0.3093889813981949,0.033163437952467754,0.6166666666666667,0.013333333333333334,0.3067151154064811,0.20254379383729249,0.2237059583447007,0.2576280134733846,,,
0,fno,400,1188868,0.14591689148733725,0.1578361920884672,0.05072047333944545,0.49,0.056666666666666664,0.1636458602663641,0.1401357735827392,0.14588888332341676,0.1453151426050624,0.0016098079558539238,46.70379853248596,0.12044692784547806
0,pod36,400,36,0.24975367003433224,0.26354492182646255,0.04968817966802877,0.5,0.0,0.2794527098965926,0.23551909141553412,0.2539901093831832,0.2497492639469089,,,
0,pod136,400,136,0.24105506252073836,0.3041328345824122,0.037651784352574276,0.5733333333333334,0.02,0.3303969735588891,0.21713343336908075,0.22165766039486615,0.23629326973257936,,,
1,fno,25,1188868,0.4118505446380671,0.44291312009021494,0.2280533081550492,0.15,0.0,0.38739068160730483,0.37376041205675714,0.3976219336325999,0.4921540274204772,0.001489197318499867,4.446033239364624,0.1602880209684372
1,pod36,25,36,0.7714873904930319,0.969811570852626,0.25072579201298234,0.15666666666666668,0.0,0.7391936287796115,0.6127742232016018,0.7956296243597231,1.152811964428498,,,
1,pod136,25,50,0.7306234104438485,0.8672348647314485,0.16945401289182327,0.18333333333333332,0.0,0.649645442227225,0.6823486790146226,0.8101597390250779,0.834708073096502,,,
1,fno,50,1188868,0.29333757187245924,0.3129006906534012,0.17842888053475633,0.13333333333333333,0.0,0.2834330517373664,0.272840369360078,0.2740632403931124,0.3253499920876435,0.001489197318499867,7.189578294754028,0.18068310618400574
1,pod36,50,36,0.5927495021947756,0.8610997803367566,0.17283748304808244,0.24666666666666667,0.0,0.7337001304419286,0.4495452645084054,0.5885043210464511,0.7592849500483018,,,
1,pod136,50,100,0.3666511903220687,0.4323047925900003,0.0621135628767852,0.45,0.0033333333333333335,0.33166460825270305,0.42322015836448557,0.3643736588709351,0.34114915804636203,,,
1,fno,100,1188868,0.23432627124957306,0.24437392656608006,0.11575814649177094,0.22333333333333333,0.0,0.23320527362583493,0.21460556404208514,0.20630340978437856,0.25681902576955407,0.001489197318499867,12.420441389083862,0.153315007686615
1,pod36,100,36,0.3767582468017071,0.5586865107634469,0.07638308907048932,0.34,0.0,0.6138858419082482,0.4491588046866207,0.3259763265658073,0.3142457554685433,,,
1,pod136,100,136,0.2664725584001747,0.3242213534889304,0.04446526506374243,0.5266666666666666,0.013333333333333334,0.2887075507073782,0.3036460426008197,0.26408527822552497,0.2277672060393221,,,
1,fno,200,1188868,0.17363817576411766,0.18684356441001146,0.06327564049942591,0.38333333333333336,0.023333333333333334,0.1812338669545826,0.15972369256301902,0.16798206341965277,0.1939755170408886,0.001489197318499867,25.1562237739563,0.13747695088386536
1,pod36,200,36,0.27513155483919705,0.33527379667696483,0.05600105517755274,0.44,0.0,0.3959165123342925,0.2738439979865873,0.25791380750117276,0.25656476261265915,,,
1,pod136,200,136,0.29923659196393115,0.35239104779811603,0.06616602660621251,0.42333333333333334,0.01,0.34097013995818903,0.27092671049267525,0.24233697276614802,0.3709831199134507,,,
1,fno,400,1188868,0.14573582512499514,0.1563305462485398,0.0469117675469696,0.5366666666666666,0.07333333333333333,0.14297430370663106,0.14050970701403004,0.14092695079593842,0.1599205779908897,0.001489197318499867,48.85417413711548,0.11908897757530212
1,pod36,400,36,0.23696190391509975,0.26749416411660465,0.04277937631355624,0.5733333333333334,0.0,0.29298803967363607,0.21541840291635583,0.22313982394205326,0.2439039239212518,,,
1,pod136,400,136,0.29118980158737423,0.35506207334629486,0.06282359457838088,0.44333333333333336,0.013333333333333334,0.26507264540954323,0.32974318255630997,0.2744724859528064,0.26141438679707646,,,
2,fno,25,1188868,0.47213030906450615,0.4959484214877841,0.23965975242298715,0.13,0.0,0.4815898712124926,0.44743877505835516,0.4444767676143301,0.5076846642347363,0.001849809891152005,4.185603380203247,0.14950649440288544
2,pod36,25,36,0.6132856673918249,0.7429415537568057,0.11832089064215992,0.24333333333333335,0.0,0.877525098113088,0.6569846199792205,0.5398250447818509,0.4816805351878469,,,
2,pod136,25,50,0.6264538955090969,0.7747650830975434,0.14689575242335884,0.22,0.0,0.6042654602059482,0.638191744421916,0.6945949817564916,0.565591316994431,,,
2,fno,50,1188868,0.32829970994750574,0.33460850363789135,0.13649213510732533,0.21666666666666667,0.0,0.3440169312966238,0.30245062652131827,0.32917192123220673,0.3488050097956352,0.001849809891152005,6.662549257278442,0.1353292167186737
2,pod36,50,36,0.500173756812609,0.6544135405041668,0.12945800481995914,0.26666666666666666,0.0,0.6936610262975638,0.7059343941863521,0.46073915264736526,0.4279614146651455,,,
2,pod136,50,100,0.36700236689138416,0.4511017607793518,0.0653202817058538,0.43333333333333335,0.0033333333333333335,0.34394058263840876,0.47504198335522807,0.42570673192842967,0.3093357722985207,,,
2,fno,100,1188868,0.2513059848456099,0.2631925869077351,0.08503913022548941,0.31666666666666665,0.0033333333333333335,0.24842572859635664,0.22421624849019553,0.2484422547462371,0.2903780027828726,0.001849809891152005,13.016395330429077,0.15205036103725433
2,pod36,100,36,0.5058637466047702,0.7392113755450374,0.15847202409671646,0.22,0.0,0.5441604092098523,0.6797075274305556,0.608893147807853,0.41327903559861967,,,
2,pod136,100,136,0.25406290287516864,0.2927069306338312,0.030853895137004223,0.6333333333333333,0.02666666666666667,0.29521525559608136,0.1951956772399447,0.267976134911049,0.2573046033815807,,,
2,fno,200,1188868,0.20158662926855275,0.20891397208922988,0.06913902627803592,0.36666666666666664,0.006666666666666667,0.2027325109533925,0.187548070775598,0.1959959816854744,0.2166600362605572,0.001849809891152005,28.162201166152954,0.1372346580028534
2,pod36,200,36,0.28046662571730174,0.30017929825998324,0.05760863708751328,0.4533333333333333,0.0,0.32122621464624534,0.28495761870720887,0.2806648693582716,0.27146521713218086,,,
2,pod136,200,136,0.3159323004844122,0.39146149954210235,0.06958161106077604,0.41333333333333333,0.006666666666666667,0.2201633547623669,0.3032761150446487,0.3803244358303443,0.3178072845690467,,,
2,fno,400,1188868,0.1586561709735213,0.1635675367713877,0.04996404610060824,0.5,0.07,0.15880266436266913,0.14069815594633278,0.15821598757276256,0.16823099274055875,0.001849809891152005,46.58383560180664,0.11918792128562927
2,pod36,400,36,0.25583693972485977,0.26504287212664934,0.05279903329428725,0.4666666666666667,0.0,0.27677874511285877,0.2818075218431677,0.24815987170566303,0.2501991377103007,,,
2,pod136,400,136,0.2857837797952347,0.36266360646824325,0.061576524892488625,0.4066666666666667,0.02666666666666667,0.2528982562719426,0.2547984374809468,0.3203100610445876,0.34426789229890786,,,
