w,n,omega2,heldout,ref_kernel,err_kernel,ref_pair,err_pair,ref_other,err_other,rel_err,augment_level,augment_funcs,aug_dim,held_gal_mean,held_gal_max,held_proj_max,held_energy_max
10.0,16,6.5,False,0.180451954082584,0.0630109863127094,0.813834311008973,0.008346879928338994,0.00571373490844306,0.0015124719125077448,0.26994506506612814,,,,,,,
10.0,16,6.8125,False,0.10129541590226318,0.06770952619633902,0.8950877025625046,0.010484892689249077,0.0036168815352321873,0.0014298426498516512,0.282177712683762,,,,,,,
10.0,16,7.125,False,0.04721840433827911,0.07038968573816781,0.9508873536336989,0.013515429981043067,0.0018942420280218118,0.0013424008332163367,0.29197177355427223,,,,,,,
10.0,16,7.4375,False,0.020768087724467213,0.07318482611767602,0.9782989538089849,0.01649933598246271,0.0009329584665479158,0.001304068005840049,0.3016425535397464,,,,,,,
10.0,16,7.75,False,0.01976683882174124,0.08065701246597189,0.9792417437685357,0.010026118534011863,0.0009914174097233233,0.0014334103393256678,0.30350706966940555,,,,,,,
10.0,16,8.0625,False,0.038875410812457135,0.0804235661300274,0.9589534161156591,0.003987996178068156,0.0021711730718842253,0.0015847169437749012,0.29325122208077914,,,,,,,
10.0,16,8.375,False,0.071689239521746,0.07587814778008474,0.9238629898885765,0.0031309955249940297,0.00444777058967756,0.0017646006800199965,0.28420722014948663,,,,,,,
10.0,16,8.6875,False,0.11233401962466039,0.07099092669473073,0.8799400750318842,0.003218315107342717,0.007725905343455395,0.0020292192487684894,0.27611313089174505,,,,,,,
10.0,16,9.0,False,0.1562277553980814,0.06626389268929737,0.831883659118514,0.0033532018099145995,0.011888585483404584,0.002383323764340079,0.2683289366869553,,,,,,,
10.0,16,6.65625,True,0.13809326686596576,0.0656092110758481,0.8572611939415619,0.009334578286842622,0.004645539192472738,0.0014736586389530659,0.2764370597471399,,,,,,,
10.0,16,6.96875,True,0.07084328271790222,0.06927841186938895,0.9264743218349442,0.011860523361089163,0.002682395447153265,0.0013845994549592305,0.2872690980342949,,,,,,,
10.0,16,7.28125,True,0.030577697648669896,0.07138759653659157,0.9681237192194964,0.015340481177639729,0.0012985831318337387,0.001310417876536022,0.29671281669447197,,,,,,,
10.0,16,7.59375,True,0.017371097371434416,0.07683547051493518,0.9818040581209865,0.014826024047301137,0.0008248445075790833,0.001348146179683111,0.30497481984898267,,,,,,,
10.0,16,7.90625,True,0.02720544124927093,0.08167853485488391,0.9713542306622351,0.0059349632698503536,0.0014403280884941337,0.0015132221612462948,0.2985409859399218,,,,,,,
10.0,16,8.21875,True,0.05396161731062028,0.07827933658194895,0.9428610655007174,0.0032998604624257222,0.003177317188662223,0.0016653560320118359,0.2885213217015105,,,,,,,
10.0,16,8.53125,True,0.09135311069775223,0.07342639655254087,0.9026779818040123,0.003147800636740606,0.005968907498235555,0.0018856432267504429,0.2801068375031783,,,,,,,
10.0,16,8.84375,True,0.13410460572675117,0.06859841463294385,0.8561915344381835,0.003292600529551347,0.009703859835065439,0.002195229055437469,0.27218788403955946,,,,,,,
10.0,16,nan,True,,,,,,,,1,5,141,0.37525160550866554,0.5203069673312837,0.028168271790027472,0.46904554820741323
10.0,16,nan,True,,,,,,,,2,25,161,0.5699970994012326,0.9281813712474122,0.027958858097038252,1.2590509998155068
10.0,16,nan,True,,,,,,,,3,113,249,0.6777927719621786,1.0765405723732524,0.02765261936306939,1.696407303871465
0.1,16,6.5,False,0.180451954082584,0.06283420650723666,0.813834311008973,0.00770109996707613,0.00571373490844306,0.00105152925422902,0.2675571634782777,,,,,,,
0.1,16,6.8125,False,0.10129541590226318,0.06741793503706334,0.8950877025625046,0.009609237286763352,0.0036168815352321873,0.0011065209869370453,0.27952404782194273,,,,,,,
0.1,16,7.125,False,0.04721840433827911,0.06979680054402573,0.9508873536336989,0.012179794639280758,0.0018942420280218118,0.0011417570150184639,0.2883025358860462,,,,,,,
0.1,16,7.4375,False,0.020768087724467213,0.0723598214609366,0.9782989538089849,0.013854296641371474,0.0009329584665479158,0.001201550186248869,0.29566140818266584,,,,,,,
0.1,16,7.75,False,0.01976683882174124,0.0800330212592067,0.9792417437685357,0.006972885285248504,0.0009914174097233233,0.0013751001296033968,0.29728943249644546,,,,,,,
0.1,16,8.0625,False,0.038875410812457135,0.07987419394344045,0.9589534161156591,0.002540514022881233,0.0021711730718842253,0.0014467529914231087,0.28958843374303606,,,,,,,
0.1,16,8.375,False,0.071689239521746,0.0754167064028439,0.9238629898885765,0.0022236689661946367,0.00444777058967756,0.0014648016720560115,0.2812564257774292,,,,,,,
0.1,16,8.6875,False,0.11233401962466039,0.07047372672215768,0.8799400750318842,0.0024603211833378784,0.007725905343455395,0.0014894013872846837,0.2728066151924844,,,,,,,
0.1,16,9.0,False,0.1562277553980814,0.06562709800819043,0.831883659118514,0.0026393996176944635,0.011888585483404584,0.0015270340318766884,0.26418465447062134,,,,,,,
0.1,16,6.65625,True,0.13809326686596576,0.06539211537321665,0.8572611939415619,0.008586635827269762,0.004645539192472738,0.0010817794530698778,0.27397176981133714,,,,,,,
0.1,16,6.96875,True,0.07084328271790222,0.06886340608496269,0.9264743218349442,0.010806226842653895,0.002682395447153265,0.0011259046444968214,0.284245558579397,,,,,,,
0.1,16,7.28125,True,0.030577697648669896,0.07060508640904516,0.9681237192194964,0.013514074753979814,0.0012985831318337387,0.0011609048950261733,0.2920275090775716,,,,,,,
0.1,16,7.59375,True,0.017371097371434416,0.07617588053143182,0.9818040581209865,0.01143401390737335,0.0008248445075790833,0.0012836109568809609,0.29815013901671444,,,,,,,
0.1,16,7.90625,True,0.02720544124927093,0.08105407437825743,0.9713542306622351,0.0038183471342919644,0.0014403280884941337,0.0014266663753179814,0.29376706399436164,,,,,,,
0.1,16,8.21875,True,0.05396161731062028,0.07779544061544627,0.9428610655007174,0.0022092388213567913,0.003177317188662223,0.0014562569265108897,0.28541362329663583,,,,,,,
0.1,16,8.53125,True,0.09135311069775223,0.07294980699033668,0.9026779818040123,0.002337207007592342,0.005968907498235555,0.00147554764807894,0.2770605739653478,,,,,,,
0.1,16,8.84375,True,0.13410460572675117,0.06802533087146787,0.8561915344381835,0.0025634719698430504,0.009703859835065439,0.001506566417905045,0.2685058086135493,,,,,,,
0.1,16,nan,True,,,,,,,,1,5,141,0.31129415146240214,0.37939281048697515,0.026560565664210382,0.2949260584243947
0.1,16,nan,True,,,,,,,,2,25,161,0.514800429474884,0.8307875408896865,0.02637921698914079,1.0393278205219187
0.1,16,nan,True,,,,,,,,3,113,249,0.6157192226705371,0.9926484914595122,0.026102821632191787,1.4498030337768244
