loss,n,held_gal_max,held_proj_max,true_mode_present,nearest_to_true,n_in_band,n_spurious_in_band,in_band,n_bad_freqs,median_halfwidths_bad,median_halfwidths_ok
galerkin,8,0.9928998585906487,0.9183284069782289,False,52.108492071526136,0,0,[],17,114.47352792651905,nan
galerkin,16,1.0614557951027248,0.6846245950458962,False,5.363964966132205,0,0,[],17,4.820508752504606,nan
galerkin,24,0.28709616587136116,0.256416300222384,True,7.630345216103715,1,0,[7.63],0,nan,1.778280080946353
proj,8,1.9641365513296727,0.024546099052061305,False,8.499083640961414,2,2,"[8.499, 8.957]",15,1.499658222194882,5.84408965579455
proj,16,1.6612062613214185,0.015499345880076596,False,8.33527438089799,2,2,"[6.736, 8.335]",14,1.0892001740925,0.23834905038006368
proj,24,1.6297740504972735,0.013607242895356125,False,7.027497713782969,3,3,"[7.027, 8.31, 8.338]",13,0.8047349346388352,0.7748245528251363
mixed,8,1.0111966198874538,0.05005854463782348,False,22.87273682153653,0,0,[],17,39.02641760396524,nan
mixed,16,1.1651715727709593,0.03201277127519679,False,10.454403426087332,0,0,[],17,6.979105615709243,nan
mixed,24,0.2965204897193652,0.025402545856560658,True,7.630730924904326,1,0,[7.631],0,nan,1.7773589853031015
