space,n,dim,proj_err,galerkin_err,minres_err,augmented_galerkin_err,augmented_minres_err,kernel_dim,n_below_lam1,nearest_to_omega2,within_width,lowest_three_phys
proj-optimised W,8,36,0.02328623323310735,1.1540479692360075,0.9990268253464512,0.5580737841850331,0.1384972970290431,8,2,7.320033884853698,False,"[5.785, 7.32, 8.536]"
+ Galerkin steps,8,36,0.8477238308124223,0.9984452683962421,0.9996899550372979,0.163387658718803,0.14268935107769823,8,0,11.66311531784217,False,"[11.663, 57.909, 101.8]"
proj-optimised W,12,78,0.017219098982100868,1.0389626045457538,0.9983192797792204,0.029537381102405433,0.13385892666491908,12,3,8.356027295220807,False,"[1.892, 4.525, 5.484]"
+ Galerkin steps,12,78,0.5695225086762231,0.9802132246130042,0.989749003592231,0.14754409705183405,0.06796185759991791,12,0,11.725866874754615,False,"[11.726, 23.632, 51.282]"
proj-optimised W,16,136,0.015394291277074163,1.036936694575216,0.9971612393131332,0.014002379940724582,0.1233205378116863,16,3,8.33250465923395,False,"[1.069, 2.998, 5.074]"
+ Galerkin steps,16,136,0.7495159371509778,0.9925748561698667,0.9963718410990305,0.16119080414894052,0.1180429020901915,16,0,11.647029486962724,False,"[11.647, 13.293, 31.111]"
coarse_r1,0,20,0.384965811781055,0.7526960826266668,0.9978492040824963,0.11910293672543174,0.12093077135659484,5,2,7.070882645923905,False,"[7.071, 7.071, 19.2]"
coarse_r2,0,88,0.25020454847544304,0.5593767192423321,0.9926731402764924,0.0788617507330174,0.08277168536923028,25,2,7.284162520815545,False,"[7.284, 7.284, 17.922]"
coarse_r3,0,368,0.13310473005284268,0.2449533619060175,0.9902372624976006,0.0473306734322678,0.052450834260998794,113,2,7.513057240419949,True,"[7.513, 7.513, 18.773]"
