w,n,dim,converged,train_gal_mean,train_gal_max,train_proj_mean,train_energy_max,held_gal_mean,held_gal_max,held_proj_mean,held_proj_max,held_energy_max,held_ratio_worst,held_worst_omega2,n_at_true_mode,n_ghosts_in_band,spectrum_fixed,in_band
0.1,4,10,False,0.9886099222133029,1.0502403891246723,0.30596031376429156,0.9859558143157076,0.9931442217046693,1.066152014024668,0.2885364941887598,0.4409879064472503,0.9847773821494927,3.079147650895198,6.96875,0,1,False,[6.896]
0.1,8,36,False,0.4288964177974372,0.5230790969393151,0.12398810007588842,0.30015712225738456,0.4156351332183345,0.4922893218723812,0.12005994406577591,0.15605730187195566,0.26943303335401914,3.8539978729793645,8.84375,1,0,False,[7.636]
0.1,12,78,True,0.28558431078295476,0.2985331740955822,0.031336755184218634,0.13646607054514193,0.28742055347285883,0.2996519211975967,0.03108727192349295,0.033535771480784564,0.1400222491159635,9.808773279510477,7.59375,1,0,False,[7.634]
0.1,16,136,True,0.2833451977058481,0.2982320867072817,0.029881176180165742,0.12821510094451394,0.28556653388612163,0.2992592531358906,0.029801269339830155,0.03097108891666907,0.13196313966709777,10.04590022796185,7.59375,1,0,False,[7.633]
1.0,4,10,True,0.8720014392500224,0.9149839964790565,0.32288014187943853,0.8631558794068107,0.8694385381497418,0.905566656684554,0.30631474721480734,0.41659539911401344,0.8632135044320137,2.3459410509112226,8.84375,1,0,False,[7.564]
1.0,8,36,False,0.40784432698046025,0.5039918688122201,0.09098274268584082,0.20935516765409928,0.39624883313881964,0.47586531677628413,0.08764842145650537,0.10754116905489484,0.1862138125100672,4.545119702934408,8.84375,1,0,False,[7.599]
1.0,12,78,False,0.2954792998320709,0.32154089535393127,0.03144153305332869,0.14224380151374014,0.29829110097020095,0.3258988091702861,0.031140678646431726,0.03342555520683853,0.14474303295055171,10.756983566035856,7.59375,2,0,True,"[7.519, 7.657]"
1.0,16,136,False,0.2840176344086143,0.30123413610475885,0.026498616594436565,0.13459133487535135,0.2864007842935755,0.3026599392368963,0.0265049600895145,0.026842899658933193,0.13888219678979516,11.318619319688477,7.59375,2,0,True,"[7.578, 7.641]"
10.0,4,10,False,0.932723816510845,0.9415157345589675,0.3525599351484622,0.8685295229912667,0.93183273592533,0.9395524324005867,0.3368426069340311,0.45784123274137567,0.8634119705031045,2.380544332690368,8.84375,2,0,True,"[7.611, 7.624]"
10.0,8,36,False,0.4376945454134547,0.5159286990562056,0.13108610087093553,0.29121195465304134,0.42691016447453456,0.47963281341610364,0.12480964622912165,0.17404618066101082,0.26101254256616274,3.2570956686371546,8.84375,2,0,True,"[7.553, 7.721]"
10.0,12,78,False,0.2875528784899616,0.3066001872905524,0.032757792932828995,0.1288694595009426,0.2897520805132884,0.3081212545646176,0.03249105276719534,0.0349607719795256,0.13292685785378638,9.663559941843095,7.59375,2,0,True,"[7.586, 7.649]"
10.0,16,136,True,0.28650808805510575,0.3054240989527227,0.028192858099925517,0.127245640645431,0.2889834462846693,0.30692629520118025,0.028181647288592494,0.02865981546209357,0.13162824717425262,10.804042414962675,7.59375,2,0,True,"[7.585, 7.652]"
