freq,method,n,dim,rel_err,start_median,start_worst,proj_err,energy_err,converged
low,oracle,4,10,0.029099474055846942,0.06784638971769594,0.11950694552252672,0.025696472685947387,0.006740973691751209,False
low,oracle,6,21,0.026833079352028128,0.030239104561204485,0.06870440485575297,0.021346989644544376,0.006748479724039968,True
low,oracle,8,36,0.02575957026961502,0.027538726677401613,0.029528050812772363,0.019968505619688413,0.007217714050493587,False
low,oracle,12,78,0.02539485979813223,0.027547946594557008,0.031202132575930058,0.017306986097479323,0.007374565177847839,False
low,oracle,16,136,0.024173976987687765,0.030583630246117096,0.11525038223839935,0.015673903783808275,0.00746547157337615,True
low,oracle,24,300,0.0234960116614636,0.1554387003077207,0.8501839127628358,0.01227602801513515,0.007730010988562439,True
low,coarse_r1,,20,0.8124923469013035,,,,0.6475600728966233,
low,coarse_r2,,88,0.5434295952527745,,,,0.27904463969452187,
low,coarse_r3,,368,0.32795916110212187,,,,0.111573305222583,
near,oracle,4,10,0.9798127801040575,0.9807922522418091,0.9824995949646951,0.6921494830957893,0.975862978626602,True
near,oracle,6,21,0.9796768047094053,0.9804833331490637,0.9813802703786779,0.6952773932826891,0.9756694721609732,True
near,oracle,8,36,0.9798195779453787,0.9801410645948554,0.9813770069655325,0.6566127621558996,0.9759671522721166,True
near,oracle,12,78,0.9807949042429082,0.9830728357109255,0.9894132887348732,0.6131589552687716,0.9766548236934973,True
near,oracle,16,136,0.9812657480880236,0.9848262486950723,0.9885383040810322,0.52229662461216,0.977601850081833,True
near,oracle,24,259,0.5803082257033921,0.8589799798596545,0.9857603391437645,0.44209989258602705,0.2891173733177002,True
near,coarse_r1,,20,0.7526960826266669,,,,0.7641197943429442,
near,coarse_r2,,88,0.5593767192423321,,,,0.5377435624791531,
near,coarse_r3,,368,0.2449533619060175,,,,0.21174497000315476,
gap,oracle,4,10,0.39487026220869387,0.48709673039462775,0.8749159483265884,0.3345537877973553,0.2439272305665332,False
gap,oracle,6,21,0.3753481076588773,0.6651950054833184,0.9549727700127499,0.2999340682212983,0.24496016148844357,False
gap,oracle,8,36,0.06835172683023048,0.11504917549009241,0.9427599606860826,0.05485897788843432,0.03345992804938595,True
gap,oracle,12,78,0.05076439753746119,0.30503520352415764,0.6825333064931779,0.034826122429304066,0.03303818072715727,False
gap,oracle,16,136,0.060901372234993055,0.06685233645158298,0.8847736410753971,0.0412507176491208,0.0280917920789324,False
gap,oracle,24,300,0.059499832219796704,0.07322493783190892,0.09279892820569549,0.030881111000530138,0.030043305696390476,True
gap,coarse_r1,,20,0.6819368291701298,,,,0.5192970376306288,
gap,coarse_r2,,88,0.4232528913980579,,,,0.20725148930237017,
gap,coarse_r3,,368,0.26394343809724446,,,,0.09109284323016743,
