repeat,method,n,dim,median_field,mean_field,median_energy,frac_energy5,frac_field10,median_field_bin_0.2_0.3,median_field_bin_0.3_0.4,median_field_bin_0.4_0.5,median_field_bin_0.5_0.6,train_error
0,coarse_r1,1,20,0.8303327783519909,0.82725804120127,0.6388074998863404,0.0033333333333333335,0.0,0.8527409340627445,0.8550063488681325,0.8331409408458414,0.7819477088203337,
0,coarse_r2,2,88,0.5692292092421777,0.572561616905658,0.31172116583698395,0.01,0.0,0.6046379090672465,0.5878129246277228,0.5636137673292309,0.5482161960001338,
0,coarse_r3,3,368,0.3097348552577202,0.31413771867182744,0.09235683209718563,0.12,0.0,0.3187808483181936,0.316433955356224,0.30990525471406366,0.2958521538392881,
0,shared,4,10,0.8316608270367221,0.8168999265298678,0.7374241664210042,0.0,0.0,0.8455243034264429,0.8624354070051594,0.8423486481268931,0.7895067336991495,0.8074200167315189
0,pod,4,10,1.100719733975501,1.3624148358347414,0.4977367137148144,0.04,0.0,0.8582539479896413,1.2205623328769493,1.1900462197721204,1.1696068240589506,
0,shared,8,36,0.7145466671590416,0.6958682986028066,0.5400828266850083,0.0,0.0,0.7269565356268334,0.7320613678154319,0.7388576929934254,0.6764322012436998,0.6673104224149543
0,pod,8,36,0.27344979211661075,0.2842780580909739,0.05071827084882786,0.49333333333333335,0.0,0.3202087170915325,0.25247106292841603,0.2800102164126836,0.25565937307122255,
0,shared,12,78,0.598745776370269,0.6016541513470423,0.3941619212158462,0.0,0.0,0.6667256199519855,0.5868710745876723,0.6009393101739977,0.586934220796016,0.573662367512616
0,pod,12,78,0.36767579808914375,0.4725182141405019,0.08547193950473181,0.35,0.0,0.3658372863795166,0.33416345223572086,0.5164639510821,0.3455916075388076,
0,shared,16,136,0.5255572404345277,0.5297026738494257,0.3115939261312536,0.006666666666666667,0.0,0.5638813291529258,0.5330137318994572,0.5273221967667018,0.5135775860128767,0.4801237949274587
0,pod,16,136,0.23987555017000256,0.3093889813981949,0.033163437952467754,0.6166666666666667,0.013333333333333334,0.3067151154064811,0.20254379383729249,0.2237059583447007,0.2576280134733846,
0,oracle,8,36,0.043915491687248356,0.0479742503810975,0.023627159376866016,0.85,1.0,0.02195850555067496,0.027332364781854863,0.03630750055010903,0.06333104867867408,
0,shared_on_oracle_subset,8,36,0.6417965184096438,0.6392847621147146,0.4391329573772227,0.0,0.0,0.56122091661001,0.754357831309582,0.4656835605529533,0.6373082698912088,
0,pod_on_oracle_subset,8,36,0.25287491916789734,0.2555919228125902,0.02751507917162623,0.85,0.0,0.26517609835612865,0.21996524459454062,0.18805191141842495,0.2945758474498583,
0,oracle,16,136,0.04379332110818006,0.04677156051539539,0.024016564953990013,0.85,1.0,0.01843683228464053,0.025056321495458066,0.035807375379216494,0.0608922660623268,
0,shared_on_oracle_subset,16,136,0.4938035787331784,0.49923731230684165,0.260955114480125,0.0,0.0,0.4828713095450525,0.5395260275626182,0.35705824438836364,0.49547980968239397,
0,pod_on_oracle_subset,16,136,0.25356409965904037,0.3936361117127351,0.05959103852191437,0.4,0.0,0.42523043773462443,0.20655003611904704,0.13348819635276887,0.37348086194514807,
1,coarse_r1,1,20,0.8292841277231431,0.8254729385753541,0.6365414355839398,0.006666666666666667,0.0,0.8499137163216588,0.8522519912474753,0.8108672609363917,0.7878313890011589,
1,coarse_r2,2,88,0.5659939364255739,0.5667871270581898,0.3083728476840319,0.0033333333333333335,0.0,0.5937273387805546,0.5864968034260569,0.5720286264111221,0.5339304261989739,
1,coarse_r3,3,368,0.31017663877463986,0.3110511949024567,0.09072690131335143,0.14333333333333334,0.0,0.3206401410141124,0.3122708601177004,0.3079414579161276,0.29901160887369727,
1,shared,4,10,0.8356788796193597,0.8263681126499904,0.772342252932559,0.0,0.0,0.8801279648066329,0.8680911863400977,0.8150795661555308,0.8082620630193116,0.8089204227691641
1,pod,4,10,0.96406918196421,1.1756740561835348,0.45570101169221905,0.03666666666666667,0.0,0.7086809140614926,0.9972269193933735,1.129411417481366,1.0541264523797143,
1,shared,8,36,0.6787277927099391,0.6831480307311395,0.5038601185492151,0.0,0.0,0.7216676814741905,0.7135675489761495,0.6437279534543432,0.6626940528947887,0.6535472847658172
1,pod,8,36,0.27513155483919705,0.33527379667696483,0.05600105517755274,0.44,0.0,0.3959165123342925,0.2738439979865873,0.25791380750117276,0.25656476261265915,
1,shared,12,78,0.6156248282806063,0.6102847822404941,0.3964668262088692,0.0,0.0,0.6627568153575347,0.6608996119613615,0.5613583801435104,0.6077143453158105,0.561690527073971
1,pod,12,78,0.3500011989539167,0.4698942923912394,0.09455962132509813,0.3333333333333333,0.0,0.4400536412697903,0.2874116134851463,0.3270539674177836,0.48567100310608124,
1,shared,16,136,0.502303848835453,0.5141487366614745,0.27743204097645424,0.0033333333333333335,0.0,0.5398558208437414,0.5349229294926285,0.48017719405954096,0.4905841090379386,0.4831660882283181
1,pod,16,136,0.29923659196393115,0.35239104779811603,0.06616602660621251,0.42333333333333334,0.01,0.34097013995818903,0.27092671049267525,0.24233697276614802,0.3709831199134507,
2,coarse_r1,1,20,0.8447137133998855,0.8443975854106545,0.6473000744897586,0.0,0.0,0.855638059761134,0.8637394191864766,0.849537945543307,0.7920353957233699,
2,coarse_r2,2,88,0.5584664327374205,0.5630173378464433,0.2947135213021044,0.02,0.0,0.570032328384246,0.5833150670643571,0.5640328168459187,0.5280077011469011,
2,coarse_r3,3,368,0.3084308116686882,0.31362196384867097,0.09113907444481288,0.13666666666666666,0.0,0.32209991858854975,0.3184558659160032,0.3120855291937482,0.2834305797999068,
2,shared,4,10,0.8502384061594701,0.8313427638142749,0.7711844474052505,0.0,0.0,0.8663124281914497,0.8598943934924485,0.8544291542671909,0.8007027657759741,0.8085345119701838
2,pod,4,10,0.9588786557963216,1.155024146160605,0.4910102206234682,0.05333333333333334,0.0,0.7074943863874059,1.150033980623667,1.2494254212420075,0.9439208350169715,
2,shared,8,36,0.6895792479591609,0.683577853422233,0.5256783895375179,0.0,0.0,0.6772785570254422,0.7374185941401271,0.6950393881613095,0.660354028853374,0.6651443218037781
2,pod,8,36,0.28046662571730174,0.30017929825998324,0.05760863708751328,0.4533333333333333,0.0,0.32122621464624534,0.28495761870720887,0.2806648693582716,0.27146521713218086,
2,shared,12,78,0.5907735800400413,0.5906163553958793,0.37667649839663153,0.0,0.0,0.5831718714756521,0.6238282624512864,0.5864688415987236,0.5564163243619382,0.5510784316613454
2,pod,12,78,0.287664701249181,0.38188489532455233,0.05185125863344455,0.4866666666666667,0.0033333333333333335,0.32383228781386425,0.3233341536953696,0.25096450514458934,0.3242766857765126,
2,shared,16,136,0.5328225533033707,0.5310917059906283,0.3059023937649017,0.0,0.0,0.5361352272320971,0.567291503461179,0.5312871393159884,0.4901222770902105,0.47466343996017607
2,pod,16,136,0.3159323004844122,0.39146149954210235,0.06958161106077604,0.41333333333333333,0.006666666666666667,0.2201633547623669,0.3032761150446487,0.3803244358303443,0.3178072845690467,
