kind,loss,n,dim,converged,train_gal_mean,train_gal_max,train_proj_mean,train_energy_max,held_gal_mean,held_gal_max,held_proj_mean,held_proj_max,held_energy_max,held_ratio_worst,held_worst_omega2
coarse,-,1,20,True,0.8457385044886238,1.4001784807434374,0.4202629928182579,2.07522929095086,0.8645409501385268,1.3870425435984617,0.41343533496543994,0.4579359487974719,2.1098437593819477,3.413281491320264,6.96875
coarse,-,2,88,True,0.5353189434809156,0.8480968182114765,0.2766810625009188,1.2231121841223513,0.5514515002811773,0.8975560757893012,0.2717128042853656,0.30482119433503074,1.216622557795202,3.475618701636491,7.28125
coarse,-,3,368,True,0.20773833725597232,0.26512923642755826,0.15036205012876327,0.2332378278186508,0.20939784202820402,0.2679265216479749,0.14697007114575963,0.17796975071352233,0.24038101241641657,2.0723925915275476,7.59375
modal+grad,-,2,115,True,0.1118958470738315,0.17427433216987348,0.1118958470738315,0.030371542853072864,0.10366106268127868,0.15990458623684023,0.10366106268127868,0.15990458623684023,0.0255694766995356,1.0,8.84375
modal+grad,-,10,123,True,0.09386664147782582,0.14674706174810215,0.09386664147782582,0.021534700131496394,0.08698123509382545,0.1284018440072644,0.08698123509382547,0.12840184400726443,0.016487033544433323,0.9999999999999998,6.65625
oracle,galerkin,4,10,True,0.9574279796955566,0.9902545084238078,0.9270298625155154,0.9803646926495233,0.9641838577937569,0.9913114785829015,0.9335712324713772,0.959403544926117,0.9827446514080634,1.0332580943915959,7.59375
oracle,galerkin,8,36,True,0.9652704080656024,0.9919442144810876,0.8905920223421389,0.9838904391512839,0.97073486075688,0.9928998585906487,0.8958096208036346,0.9183284069782289,0.9858431786238844,1.0812034682209146,7.59375
oracle,galerkin,12,78,True,0.9418164858719451,1.005680463374489,0.6749616653225314,0.9780017540048428,0.9503574478122602,1.0068728558324394,0.6797768704902634,0.6993656902685776,0.9809849846784907,1.4488907086085803,7.28125
oracle,galerkin,16,136,True,0.940085926593668,1.0607736950981068,0.6360924868031219,0.9708145366012318,0.9465123883966386,1.0614557951027248,0.6397458128966252,0.6846245950458962,0.9745447844924908,1.5590185787276123,6.65625
oracle,galerkin,24,300,True,0.27176470934062963,0.28587819764558053,0.24659004804906814,0.11960544469660898,0.27398132451431556,0.28709616587136116,0.24840157092626453,0.256416300222384,0.12343740533682651,1.1196486558084227,7.59375
oracle,proj,4,10,False,1.0564753263990996,1.3599346743510823,0.08865617205236401,0.9817153891351411,1.050386545441579,1.3126404626201413,0.08465707172666069,0.11070463662287287,0.9839761047399643,12.613610365110425,8.84375
oracle,proj,8,36,True,1.0824354548112334,1.9489608315643698,0.024135560071085065,4.34612396659423,1.1252066542125672,1.9641365513296727,0.023999985442293724,0.024546099052061305,4.11113350223292,82.308930479003,8.53125
oracle,proj,12,78,True,0.9532291946075987,1.7262901275269615,0.01716436861061993,3.129840799384709,1.000129556893428,1.6850420303319444,0.01722929424220433,0.01764335639058333,3.507849955151228,96.99938525924686,8.21875
oracle,proj,16,136,True,0.9266901447864433,1.6697328265120341,0.015319412132363937,3.0858128748086306,0.9741258210616857,1.6612062613214185,0.01533287816244441,0.015499345880076596,3.353985924578206,108.82438108217818,8.21875
oracle,proj,24,300,True,0.9060070859911699,1.6078399881266225,0.013300587431268916,3.0128531915068315,0.952415687654597,1.6297740504972735,0.01335256670347257,0.013607242895356125,3.164185121514766,122.04399336076919,8.21875
oracle,mixed,4,10,True,0.9665720840022635,1.00298577867009,0.08276041441343694,0.9806600249065573,0.9728010526508261,1.0030436131750615,0.07981765157921707,0.10327956969942187,0.9830242467237331,13.004302822435802,8.21875
oracle,mixed,8,36,True,0.9714621353296526,1.0115605623526267,0.04875233462351811,0.9819590335907794,0.9770619735397839,1.0111966198874538,0.0484431568724118,0.05005854463782348,0.9841767021786584,21.065057386622133,8.53125
oracle,mixed,12,78,True,0.9508193211889648,0.9987848728378456,0.03571683996962197,0.9790697992033838,0.9589074490511127,0.9972807481828219,0.035646479601545766,0.03621952339327762,0.9818586080353691,27.968871219685198,7.59375
oracle,mixed,16,136,True,0.9340941176793981,1.1800669044388483,0.02666111168232364,0.9531230624780652,0.9396343074760951,1.1651715727709593,0.026481914956846223,0.03201277127519679,0.9587770062300567,36.39708548674522,6.65625
oracle,mixed,24,300,True,0.281135898719828,0.2956747781025242,0.024579525555882675,0.1204813271457152,0.28339527579489093,0.2965204897193652,0.024705739918934176,0.025402545856560658,0.12443012848434143,11.672865050365946,7.59375
