freq,space,n,dim,gauss_W,gauss_r1,gauss_r2,gauss_r3,gauss_fine,power_balance,rel_err
low,fine solution,0,1504,nan,1.3608071563706624e-14,3.1049421334907036e-14,5.1696622029844494e-14,1.3613318850508762e-13,2.5918239930975033e-14,0.0
low,coarse_r1,0,20,nan,1.1561038386091573e-15,0.5330947253892145,0.6405659243324472,0.6618651293202615,2.6823416869499393e-15,0.8124923469013035
low,coarse_r2,0,88,nan,2.818542580273968e-15,6.292135043755701e-15,0.47705051771575435,0.5996386610089933,4.214544128669754e-15,0.5434295952527745
low,coarse_r3,0,368,nan,8.360218356261854e-15,2.278414206363063e-14,5.107944681047569e-14,0.4981532887734949,2.223228295907916e-15,0.32795916110212187
low,oracle n=4,4,10,3.798885232707562e-15,0.0033472037095187176,0.0062803861527428425,0.010965844103182078,0.07244978811622843,6.6960692977492955e-15,0.02909947405584693
low,oracle n=8,8,36,8.65418028146224e-15,0.002384405342801295,0.0024434003594972675,0.0038468602140903263,0.038991319155413956,9.199411124320449e-15,0.025759570269615027
low,oracle n=16,16,136,3.636499483716094e-14,0.0015538411774782424,0.001729245755262834,0.0032520205739394762,0.03171889760404568,2.4192940402419566e-14,0.024173976987687765
gap,fine solution,0,1504,nan,4.552013725118548e-15,5.713934164337401e-15,1.4897646384645642e-14,3.926849923952485e-14,6.859464612642886e-16,0.0
gap,coarse_r1,0,20,nan,6.295833867133994e-16,0.5401550624003092,0.6329441776431876,0.6665126751028685,2.653788389062804e-15,0.6819368291701298
gap,coarse_r2,0,88,nan,1.2305441244146273e-15,2.532764786693378e-15,0.4637436143092796,0.6138255092801961,4.743977816510961e-16,0.4232528913980579
gap,coarse_r3,0,368,nan,5.25893681463802e-15,7.15798395879614e-15,1.6488038912457133e-14,0.5358128590539659,2.8978223484773665e-15,0.26394343809724446
gap,oracle n=8,8,36,5.033998392009119e-15,0.020349437624292813,0.027961822152836924,0.03733289081223931,0.15922952198561424,2.072679863851573e-15,0.06835172683023047
gap,oracle n=16,16,136,1.5964702589914456e-14,0.0240423371042844,0.02723387096769028,0.0306395824148515,0.08582391766093864,4.194150339345644e-15,0.06090137223499304
