refine,N,method,q,t_assemble_ms,t_full_ms,t_eta_ms,t_setup_ms,t_setup_fixedK_ms,t_small_ms,single_total_ms,wins,wins_fixedK,sweep_Fstar,sweep_Fstar_fixedK,p_star
4,1504,full,0,0.43717899825423956,2.657568998984061,0.027422996936365962,,,,,,,,,
4,1504,dense_q16,16,0.43717899825423956,2.657568998984061,0.027422996936365962,0.9075489942915738,0.4544319963315502,0.027845999284181744,0.9628179905121215,True,True,1,1,0.6377072464044438
4,1504,dense_q64,64,0.43717899825423956,2.657568998984061,0.027422996936365962,1.1687900041579269,0.7014570001047105,0.09909000073093921,1.295303001825232,True,True,1,1,0.5125985431345708
4,1504,dense_q128,128,0.43717899825423956,2.657568998984061,0.027422996936365962,3.027131999260746,1.633495994610712,0.21886600006837398,3.273420996265486,False,True,2,1,-0.23173509230309852
4,1504,coarse_r2,88,0.43717899825423956,2.657568998984061,0.027422996936365962,1.4906159995007329,0.8406990018556826,0.1086269985535182,1.626665994990617,True,True,1,1,0.38791203704872346
4,1504,coarse_r3,368,0.43717899825423956,2.657568998984061,0.027422996936365962,15.730671999335755,7.352959000854753,2.9721590035478584,18.73025399981998,False,False,inf,inf,-6.0478900103742195
5,6080,full,0,1.4820500000496395,13.352560003113467,0.08751699351705611,,,,,,,,,
5,6080,dense_q16,16,1.4820500000496395,13.352560003113467,0.08751699351705611,2.134623995516449,1.5133710039663129,0.03811300121014938,2.2602539902436547,True,True,1,1,0.8307250452559942
5,6080,dense_q64,64,1.4820500000496395,13.352560003113467,0.08751699351705611,4.999848999432288,2.944580002804287,0.22863200138090178,5.315997994330246,True,True,1,1,0.6018742478527942
5,6080,dense_q128,128,1.4820500000496395,13.352560003113467,0.08751699351705611,14.849963998130988,7.257372002641205,0.4079530044691637,15.345433996117208,False,True,2,1,-0.14925033046390013
5,6080,coarse_r2,88,1.4820500000496395,13.352560003113467,0.08751699351705611,6.078537997382227,4.192659005639143,0.2717649986152537,6.437819989514537,True,True,1,1,0.5178587485835371
5,6080,coarse_r3,368,1.4820500000496395,13.352560003113467,0.08751699351705611,68.98712400288787,35.86378999898443,4.890453994448762,73.96509499085369,False,False,9,5,-4.53939431641625
6,24448,full,0,7.65071500063641,86.01638300024206,0.4172789995209314,,,,,,,,,
6,24448,dense_q16,16,7.65071500063641,86.01638300024206,0.4172789995209314,11.176889995113015,8.556417997169774,0.15208200056804344,11.74625099520199,True,True,1,1,0.8634417004587494
6,24448,dense_q64,64,7.65071500063641,86.01638300024206,0.4172789995209314,29.615998995723203,17.883412998344284,0.745325000025332,30.778602995269466,True,True,1,1,0.642177432696945
6,24448,dense_q128,128,7.65071500063641,86.01638300024206,0.4172789995209314,72.75868800206808,38.665496998874005,1.6845130012370646,74.86048000282608,True,True,1,1,0.12969509537949975
6,24448,coarse_r2,88,7.65071500063641,86.01638300024206,0.4172789995209314,38.453569999546744,21.381664999353234,0.9731729951454327,39.84402199421311,True,True,1,1,0.536785661004823
6,24448,coarse_r3,368,7.65071500063641,86.01638300024206,0.4172789995209314,370.43530200026,189.77531899872702,8.906185001251288,379.7587660010322,False,False,5,3,-3.4149585550460024
7,98048,full,0,31.423957996594254,726.5986940037692,2.176863003114704,,,,,,,,,
7,98048,dense_q16,16,31.423957996594254,726.5986940037692,2.176863003114704,51.36854499869514,37.84867899958044,0.7944520039018244,54.33986000571167,True,True,1,1,0.9252133805714908
7,98048,dense_q64,64,31.423957996594254,726.5986940037692,2.176863003114704,191.23803899856284,107.96993999974802,3.3367289943271317,196.75163099600468,True,True,1,1,0.7292155455003005
7,98048,dense_q128,128,31.423957996594254,726.5986940037692,2.176863003114704,438.9903819974279,237.89344200486084,6.897520994243678,448.0647659947863,True,True,1,1,0.3833394283633794
7,98048,coarse_r2,88,31.423957996594254,726.5986940037692,2.176863003114704,245.03245200321544,135.13579099526396,5.948309997620527,253.15762500395067,True,True,1,1,0.651585356410457
7,98048,coarse_r3,368,31.423957996594254,726.5986940037692,2.176863003114704,1546.3793750022887,771.7416879968368,26.544168998952955,1575.1004070043564,False,False,3,2,-1.1677721416275841
8,392704,full,0,145.2039430005243,6780.923197999073,16.72491199860815,,,,,,,,,
8,392704,dense_q16,16,145.2039430005243,6780.923197999073,16.72491199860815,312.59986400255,236.20098900573794,5.540979000215884,334.86575500137405,True,True,1,1,0.9506164949486249
8,392704,dense_q64,64,145.2039430005243,6780.923197999073,16.72491199860815,969.6582889955607,620.199707998836,18.773370000417344,1005.1565709945862,True,True,1,1,0.8517670025681474
8,392704,dense_q128,128,145.2039430005243,6780.923197999073,16.72491199860815,2068.0928520014277,1129.7170059988275,32.78596099698916,2117.603724997025,True,True,1,1,0.6877115898286694
8,392704,coarse_r2,88,145.2039430005243,6780.923197999073,16.72491199860815,1163.6899910008651,605.3725480014691,21.897159997024573,1202.3120629964978,True,True,1,1,0.8226919804443031
8,392704,coarse_r3,368,145.2039430005243,6780.923197999073,16.72491199860815,6376.501090999227,3240.6908630000544,99.13231199607253,6492.358314993908,True,True,1,1,0.042555397632333514
