repeat,surrogate,predict_ms,fit_seconds,eps_median,spearman_D,cov_D_a0.1,spearman_M,cov_M_a0.1,spearman_2,cov_2_a0.1,cov_naive_D,qhat_a0.1,cov_a0.1,accept_a0.1_t0.02,falseaccept_a0.1_t0.02,accept_a0.1_t0.05,falseaccept_a0.1_t0.05,accept_a0.1_t0.1,falseaccept_a0.1_t0.1,accept_a0.1_t0.2,falseaccept_a0.1_t0.2,qhat_a0.05,cov_a0.05,accept_a0.05_t0.02,falseaccept_a0.05_t0.02,accept_a0.05_t0.05,falseaccept_a0.05_t0.05,accept_a0.05_t0.1,falseaccept_a0.05_t0.1,accept_a0.05_t0.2,falseaccept_a0.05_t0.2,cov_sel_a0.1,falseaccept_sel_t0.1,accept_sel_t0.1,fom_bias_all,fom_bias_sel,cov_sel_recal_a0.1,topk_calls,topk_true_fom_ratio,cov_bin_0.2_0.3,cov_bin_0.3_0.4,cov_bin_0.4_0.5,cov_bin_0.5_0.6
0,encoder_n100,64.96821649852791,57.226746559143066,0.24441647011522444,0.20078763278763279,0.899,0.1500861300861301,0.903,0.02050744450744451,0.904,1.0,0.10270559333096954,0.899,0.0,0.0,0.0,0.0,0.0,0.0,0.0,0.0,0.11787093697929732,0.947,0.0,0.0,0.0,0.0,0.0,0.0,0.0,0.0,0.83,0.0,0.0,-0.12067980145939274,-0.08748549074671183,0.86,10,0.9874441983674747,0.8221343873517787,0.8571428571428571,0.9343065693430657,0.97265625
0,fno_n100,64.88017049923656,11.823798656463623,0.23003804522909316,0.5271961191961192,0.897,0.5778869058869059,0.896,0.351993735993736,0.904,1.0,0.009657665801966983,0.897,0.0,0.0,0.0,0.0,0.0,0.0,0.063,0.014,0.010969533306244858,0.953,0.0,0.0,0.0,0.0,0.0,0.0,0.028,0.003,0.94,0.0,0.0,0.11912088581441342,-0.049737746396215636,0.89,10,0.9108901921941027,1.0,0.9861751152073732,0.8905109489051095,0.7265625
0,pod136_n100,4.486665999138495,nan,0.26924234170282196,0.9396930036930037,0.888,0.9448490128490128,0.884,0.9050581490581491,0.891,1.0,0.21569090961713255,0.888,0.0,0.0,0.001,0.001,0.015,0.006,0.181,0.016,0.2441955382198815,0.947,0.0,0.0,0.0,0.0,0.008,0.001,0.13,0.008,0.95,0.0,0.0,0.6280319271781062,0.029804433282784915,0.91,10,1.0000000000000002,0.9841897233201581,0.967741935483871,0.9124087591240876,0.69921875
0,encoder_n400,63.4331525034213,76.51297426223755,0.18190188332294283,0.28445366045366044,0.888,0.26466344466344466,0.895,0.058353682353682365,0.914,1.0,0.0775484498889589,0.888,0.0,0.0,0.0,0.0,0.0,0.0,0.072,0.022,0.08571395627766351,0.932,0.0,0.0,0.0,0.0,0.0,0.0,0.02,0.005,0.87,0.0,0.0,-0.1114378047290948,-0.019855826419332413,0.97,10,1.0,0.7430830039525692,0.8709677419354839,0.9379562043795621,0.9921875
0,fno_n400,64.367842496722,41.889187812805176,0.14761395282855563,0.6042424362424363,0.877,0.6191547911547912,0.883,0.48898284898284905,0.881,1.0,0.006611155672388293,0.877,0.0,0.0,0.0,0.0,0.024,0.012,0.427,0.016,0.007325857322993063,0.942,0.0,0.0,0.0,0.0,0.008,0.006,0.346,0.009,0.96,0.0,0.0,0.0365353942395816,-0.05831445672332686,0.91,10,0.9941985992919382,0.9920948616600791,0.9769585253456221,0.8795620437956204,0.67578125
0,pod136_n400,4.213948996039107,nan,0.2498649150719206,0.9385448665448666,0.907,0.9403503403503404,0.921,0.8936417216417218,0.896,1.0,0.281675112266072,0.907,0.0,0.0,0.0,0.0,0.003,0.002,0.219,0.01,0.30306952344029214,0.96,0.0,0.0,0.0,0.0,0.002,0.002,0.169,0.006,0.97,0.0,0.0,0.9178067376942509,0.31005763161270644,0.94,10,0.9968596476810297,0.9802371541501976,0.9216589861751152,0.8868613138686131,0.84375
1,encoder_n100,64.4776075023401,58.86046814918518,0.24836883183621683,0.2411658371658372,0.887,0.2160967200967201,0.884,-0.022821262821262824,0.907,1.0,0.10236224287863722,0.887,0.0,0.0,0.0,0.0,0.0,0.0,0.0,0.0,0.11767971804187524,0.943,0.0,0.0,0.0,0.0,0.0,0.0,0.0,0.0,0.97,0.0,0.0,-0.036652860715782165,-0.05173072615165198,0.96,10,0.9958707468453524,0.7940074906367042,0.8613445378151261,0.9271255060728745,0.9717741935483871
1,fno_n100,62.51217600220116,10.813247919082642,0.22938614201777646,0.5893213213213213,0.899,0.6188591228591229,0.897,0.43977819177819183,0.911,1.0,0.009673028521703507,0.899,0.0,0.0,0.0,0.0,0.0,0.0,0.073,0.028,0.011108488967177846,0.952,0.0,0.0,0.0,0.0,0.0,0.0,0.025,0.008,0.99,0.0,0.0,0.12834327866223214,-0.04523106221685575,0.92,10,0.9666107446169668,1.0,0.9915966386554622,0.9352226720647774,0.6653225806451613
1,pod136_n100,4.876345999946352,nan,0.2816640488736028,0.9216377736377737,0.892,0.9234763794763794,0.889,0.877932481932482,0.905,1.0,0.22377583917969168,0.892,0.0,0.0,0.002,0.001,0.008,0.001,0.153,0.019,0.24994751795698514,0.956,0.0,0.0,0.001,0.001,0.004,0.0,0.116,0.011,0.96,0.0,0.0,1.344385631208517,0.698064038399329,0.96,10,1.0,0.9962546816479401,0.9747899159663865,0.8340080971659919,0.7580645161290323
1,encoder_n400,63.01607699788292,77.1741054058075,0.172806898733122,0.36065049665049664,0.892,0.3375427095427096,0.888,0.07422779022779023,0.891,1.0,0.07515524794197076,0.892,0.0,0.0,0.0,0.0,0.0,0.0,0.123,0.034,0.08514340755850633,0.942,0.0,0.0,0.0,0.0,0.0,0.0,0.022,0.004,0.95,0.0,0.0,-0.07079459384487602,0.0011263452380315625,0.96,10,0.9963623126799235,0.7865168539325843,0.8697478991596639,0.9271255060728745,0.9919354838709677
1,fno_n400,63.903719499649014,43.193845987319946,0.14664289447791992,0.6368057648057648,0.915,0.6450704490704491,0.906,0.5076098196098197,0.914,1.0,0.006651697401719496,0.915,0.0,0.0,0.0,0.0,0.014,0.01,0.366,0.008,0.007228700134410916,0.945,0.0,0.0,0.0,0.0,0.006,0.004,0.301,0.002,0.98,0.0,0.0,0.017409673394856343,-0.038506012989292515,0.95,10,0.9864926220031179,1.0,0.9957983193277311,0.9352226720647774,0.7258064516129032
1,pod136_n400,4.267358504876029,nan,0.2800949418944526,0.925965325965326,0.906,0.9331907851907852,0.912,0.8732282372282374,0.895,1.0,0.27494408860027536,0.906,0.0,0.0,0.0,0.0,0.002,0.0,0.121,0.012,0.29603146144635284,0.958,0.0,0.0,0.0,0.0,0.001,0.0,0.08,0.005,0.95,0.0,0.0,1.1869880152689907,0.06865753417027215,0.92,10,1.0,1.0,0.957983193277311,0.8744939271255061,0.7862903225806451
2,encoder_n100,53.87682449872955,58.254658699035645,0.23994692203164708,0.34434740034740036,0.901,0.3012020532020532,0.899,0.048452664452664454,0.903,1.0,0.10477513078321517,0.901,0.0,0.0,0.0,0.0,0.0,0.0,0.0,0.0,0.11841070751208463,0.949,0.0,0.0,0.0,0.0,0.0,0.0,0.0,0.0,0.88,0.0,0.0,-0.03863656717250438,-0.07565332878040441,0.94,10,0.9611398191681017,0.7836734693877551,0.8856088560885609,0.957983193277311,0.9796747967479674
2,fno_n100,52.75055650054128,11.519428491592407,0.2433214802913331,0.5377294417294417,0.882,0.5742983022983024,0.878,0.34380358380358383,0.884,1.0,0.009774664378139392,0.882,0.0,0.0,0.0,0.0,0.0,0.0,0.062,0.021,0.011322716978639603,0.953,0.0,0.0,0.0,0.0,0.0,0.0,0.025,0.005,1.0,0.0,0.0,0.2273761882095074,-0.10418431829115363,0.97,10,0.9348520803199512,1.0,1.0,0.907563025210084,0.6097560975609756
2,pod136_n100,3.942662999179447,nan,0.25015760318026053,0.9215108615108615,0.919,0.928889644889645,0.913,0.8861652581652582,0.924,1.0,0.23766224908891337,0.919,0.0,0.0,0.0,0.0,0.016,0.002,0.202,0.007,0.2576999811200166,0.958,0.0,0.0,0.0,0.0,0.012,0.001,0.157,0.002,0.9,0.0,0.0,0.6959937162413107,0.23603933540222508,0.88,10,0.9993405573078508,0.9959183673469387,0.8708487084870848,0.8529411764705882,0.959349593495935
2,encoder_n400,54.9237665036344,77.05845236778259,0.17601744780027026,0.3882621282621283,0.9,0.37364938964938965,0.906,0.09787500187500188,0.909,1.0,0.0763636397349708,0.9,0.0,0.0,0.0,0.0,0.0,0.0,0.083,0.017,0.08706774294097057,0.956,0.0,0.0,0.0,0.0,0.0,0.0,0.014,0.005,0.92,0.0,0.0,-0.03436475087002688,0.003832968590003399,0.92,10,0.9999164764975539,0.7918367346938775,0.8966789667896679,0.9327731092436975,0.9796747967479674
2,fno_n400,52.269876996433595,46.51610851287842,0.14862449202841405,0.5663452103452103,0.893,0.5876819996819996,0.885,0.436012396012396,0.892,1.0,0.006712382480018615,0.893,0.0,0.0,0.0,0.0,0.016,0.008,0.355,0.007,0.007515595417850268,0.946,0.0,0.0,0.0,0.0,0.002,0.001,0.269,0.004,0.99,0.0,0.0,0.0403373271273897,-0.06928115374299916,0.95,10,0.9999164764975539,1.0,0.996309963099631,0.9159663865546218,0.6504065040650406
2,pod136_n400,3.804349500569515,nan,0.2913160641632707,0.9290677130677132,0.883,0.9336842736842738,0.874,0.8856697176697178,0.915,1.0,0.2726001530674434,0.883,0.0,0.0,0.0,0.0,0.008,0.002,0.126,0.008,0.2920437891107561,0.938,0.0,0.0,0.0,0.0,0.006,0.001,0.106,0.005,0.9,0.0,0.0,1.3441843315298017,1.2501671210763952,0.89,10,0.9998850125392127,1.0,0.915129151291513,0.8277310924369747,0.7845528455284553
