repeat,model,refine,median_field,frac_field10
0,fno_n100,4,0.2360766217018549,0.0
0,fno_n400,4,0.14416385450495256,0.07
0,c1_r2_n100,4,0.700051852956726,0.0
0,c1_r3_n100,4,0.3383852580897706,0.0
0,c1_r2_n400,4,0.7495237331315008,0.0
0,c1_r3_n400,4,0.34793505606599906,0.0
0,coarse_r2,4,0.5646181558822572,0.0
0,coarse_r3,4,0.3061818336937262,0.0
0,fno_n100,5,0.24151690412910817,0.0
0,fno_n400,5,0.1696662638396777,0.0
0,c1_r2_n100,5,0.6568285576681565,0.0
0,c1_r3_n100,5,0.36550174453832246,0.0
0,c1_r2_n400,5,0.626734480787425,0.0
0,c1_r3_n400,5,0.35444846608042524,0.0
0,coarse_r2,5,0.5812937086048667,0.0
0,coarse_r3,5,0.34612461198719346,0.0
0,fno_n100,6,0.24687925630177426,0.0
0,fno_n400,6,0.17343117267231997,0.005
0,c1_r2_n100,6,0.6423032634649615,0.0
0,c1_r3_n100,6,0.3697539323164446,0.0
0,c1_r2_n400,6,0.6421613724619727,0.0
0,c1_r3_n400,6,0.3713800618495283,0.0
0,coarse_r2,6,0.5859790796053861,0.0
0,coarse_r3,6,0.3581498670186993,0.0
0,fno_n100,7,0.24956587397385058,0.0
0,fno_n400,7,0.17001991146790982,0.0
0,c1_r2_n100,7,0.6237076752400967,0.0
0,c1_r3_n100,7,0.36756910056037506,0.0
0,c1_r2_n400,7,0.6240396189769823,0.0
0,c1_r3_n400,7,0.36952694543676345,0.0
0,coarse_r2,7,0.588038961825065,0.0
0,coarse_r3,7,0.3614669044878783,0.0
1,fno_n100,4,0.23329346139288828,0.0
1,fno_n400,4,0.14286232010563177,0.095
1,c1_r2_n100,4,0.6942368768998595,0.0
1,c1_r3_n100,4,0.3376146392707891,0.0
1,c1_r2_n400,4,0.7393068233905918,0.0
1,c1_r3_n400,4,0.3467563818920866,0.0
1,fno_n100,5,0.24136594404705547,0.0
1,fno_n400,5,0.16491264358456198,0.015
1,c1_r2_n100,5,0.6443927971567929,0.0
1,c1_r3_n100,5,0.3623247420022317,0.0
1,c1_r2_n400,5,0.6275215999915492,0.0
1,c1_r3_n400,5,0.35666260201355254,0.0
1,fno_n100,6,0.24853390061244532,0.0
1,fno_n400,6,0.17216789740991606,0.01
1,c1_r2_n100,6,0.635520218608425,0.0
1,c1_r3_n100,6,0.36919929261394646,0.0
1,c1_r2_n400,6,0.6472745169309506,0.0
1,c1_r3_n400,6,0.372507383425012,0.0
1,fno_n100,7,0.246608234901568,0.0
1,fno_n400,7,0.16873725419839877,0.005
1,c1_r2_n100,7,0.6163031983637832,0.0
1,c1_r3_n100,7,0.36762356726160783,0.0
1,c1_r2_n400,7,0.6262962476549789,0.0
1,c1_r3_n400,7,0.36848093312842145,0.0
2,fno_n100,4,0.24393697146038726,0.0
2,fno_n400,4,0.145829899848943,0.075
2,c1_r2_n100,4,0.6958720016015967,0.0
2,c1_r3_n100,4,0.33895760932435515,0.0
2,c1_r2_n400,4,0.7422328229098313,0.0
2,c1_r3_n400,4,0.34631293788423406,0.0
2,fno_n100,5,0.25234374018780603,0.0
2,fno_n400,5,0.16457264132685073,0.02
2,c1_r2_n100,5,0.6486733731734495,0.0
2,c1_r3_n100,5,0.3643207680779106,0.0
2,c1_r2_n400,5,0.6283016124277501,0.0
2,c1_r3_n400,5,0.3558835359538235,0.0
2,fno_n100,6,0.2566549175317958,0.0
2,fno_n400,6,0.17290331104916223,0.01
2,c1_r2_n100,6,0.6373572122762328,0.0
2,c1_r3_n100,6,0.37230379117896295,0.0
2,c1_r2_n400,6,0.6484069242318922,0.0
2,c1_r3_n400,6,0.37268116518334987,0.0
2,fno_n100,7,0.2553173025527012,0.0
2,fno_n400,7,0.17166379633437284,0.01
2,c1_r2_n100,7,0.618982211641383,0.0
2,c1_r3_n100,7,0.37058946694576633,0.0
2,c1_r2_n400,7,0.6249840606043888,0.0
2,c1_r3_n400,7,0.3687128717894209,0.0
