repeat,model,refine,unknowns,median_field,median_energy,frac_field10
0,encoder_n100,4,1504,0.23688629899143201,0.08000559725575346,0.0
0,fno_n100,4,1504,0.2360766217018549,0.08314359343523861,0.0
0,encoder_n400,4,1504,0.1775802266653393,0.05867425932161338,0.02
0,fno_n400,4,1504,0.14416385450495256,0.05018763579278693,0.07
0,coarse_r2,4,1504,0.5646181558822572,0.30149112105539005,0.0
0,coarse_r3,4,1504,0.3061818336937262,0.09064482972504151,0.0
0,encoder_n100,5,6080,0.739435067650495,0.48482723684271434,0.0
0,fno_n100,5,6080,0.24151690412910817,0.07980187481185246,0.0
0,encoder_n400,5,6080,0.6426508116493641,0.375446882369163,0.0
0,fno_n400,5,6080,0.1696662638396777,0.050625325252365586,0.0
0,coarse_r2,5,6080,0.5812937086048667,0.3230773404913192,0.0
0,coarse_r3,5,6080,0.34612461198719346,0.11452784919435985,0.0
0,encoder_n100,6,24448,0.8620010460299667,0.6902927883842773,0.0
0,fno_n100,6,24448,0.24687925630177426,0.08814395622913436,0.0
0,encoder_n400,6,24448,0.779657210656011,0.565971355327119,0.0
0,fno_n400,6,24448,0.17343117267231997,0.061746386470952874,0.005
0,coarse_r2,6,24448,0.5859790796053861,0.3257920094684005,0.0
0,coarse_r3,6,24448,0.3581498670186993,0.12213349909398069,0.0
0,encoder_n100,7,98048,0.9262247783622827,0.8234970156001028,0.0
0,fno_n100,7,98048,0.24956587397385058,0.08454210911940516,0.0
0,encoder_n400,7,98048,0.8663374388064469,0.7182176714946717,0.0
0,fno_n400,7,98048,0.17001991146790982,0.06186486555959264,0.0
0,coarse_r2,7,98048,0.588038961825065,0.3262581923328369,0.0
0,coarse_r3,7,98048,0.3614669044878783,0.12382485652956109,0.0
1,encoder_n100,4,1504,0.25164844016838445,0.08196653443848101,0.0
1,fno_n100,4,1504,0.23329346139288828,0.10667803592442403,0.0
1,encoder_n400,4,1504,0.17727492821244445,0.053364847675903174,0.01
1,fno_n400,4,1504,0.14286232010563177,0.043985357685496315,0.095
1,encoder_n100,5,6080,0.6629775885631426,0.42085997571063183,0.0
1,fno_n100,5,6080,0.24136594404705547,0.10697477300771069,0.0
1,encoder_n400,5,6080,0.6135786990255514,0.3769945056066677,0.0
1,fno_n400,5,6080,0.16491264358456198,0.04649090345414689,0.015
1,encoder_n100,6,24448,0.8007684189270087,0.609737049426259,0.0
1,fno_n100,6,24448,0.24853390061244532,0.11200506025384444,0.0
1,encoder_n400,6,24448,0.7654189844914547,0.5725633778717802,0.0
1,fno_n400,6,24448,0.17216789740991606,0.05332635812769155,0.01
1,encoder_n100,7,98048,0.8810498560881761,0.7496197774448502,0.0
1,fno_n100,7,98048,0.246608234901568,0.10808660323717671,0.0
1,encoder_n400,7,98048,0.8605042383571966,0.7199049968963602,0.0
1,fno_n400,7,98048,0.16873725419839877,0.058328227957087156,0.005
2,encoder_n100,4,1504,0.23751466689149414,0.07326432378716874,0.0
2,fno_n100,4,1504,0.24393697146038726,0.08968469162882528,0.0
2,encoder_n400,4,1504,0.18463096584517388,0.05642194158916734,0.025
2,fno_n400,4,1504,0.145829899848943,0.04051992214352977,0.075
2,encoder_n100,5,6080,0.6715469006140037,0.4188255556962646,0.0
2,fno_n100,5,6080,0.25234374018780603,0.09597942722651127,0.0
2,encoder_n400,5,6080,0.6575908164563598,0.3914540223133154,0.0
2,fno_n400,5,6080,0.16457264132685073,0.056490583802619274,0.02
2,encoder_n100,6,24448,0.8043661192121827,0.6054148992334296,0.0
2,fno_n100,6,24448,0.2566549175317958,0.10223365281351113,0.0
2,encoder_n400,6,24448,0.7989555984528234,0.590371867596843,0.0
2,fno_n400,6,24448,0.17290331104916223,0.06441354697318172,0.01
2,encoder_n100,7,98048,0.8820137849385956,0.7508864022335386,0.0
2,fno_n100,7,98048,0.2553173025527012,0.099907274425279,0.0
2,encoder_n400,7,98048,0.8836496206711999,0.7393692281301083,0.0
2,fno_n400,7,98048,0.17166379633437284,0.06160756450876348,0.01
