repeat,n_train,refine,median_field,median_energy,frac_field10
0,100,4,0.7545976898728173,0.3428282076068059,0.0
0,400,4,0.5416779908393918,0.29330204810086863,0.0
0,100,5,0.8216837776999331,0.3352112051487743,0.0
0,400,5,0.5983438874422042,0.3570743318458564,0.0
0,100,6,0.8996883211974691,0.4070770269033027,0.0
0,400,6,0.6385162506642031,0.4056042141257622,0.0
0,100,7,1.1285290140991158,0.6729680862670553,0.0
0,400,7,0.6930649321807241,0.46670006526295604,0.0
1,100,4,0.723753007066091,0.461416244211188,0.0
1,400,4,0.7118666617284997,0.3668534112163754,0.0
1,100,5,0.7746807091870246,0.5041695604334275,0.0
1,400,5,0.791059742978879,0.34301927159212486,0.0
1,100,6,0.8275537238213786,0.5432712387563623,0.0
1,400,6,0.8167532809077835,0.3402235422576079,0.0
1,100,7,0.8751473849578744,0.5914265797456144,0.0
1,400,7,0.9234202521922361,0.4735170736404558,0.0
