task,pool,surrogate,policy,calls,regret,certified_in_topK,random_regret_same_calls,bias_top1
0,0,fno,A1,1,0.05268684683285951,,,
0,0,fno,A2,2,0.0,,,
0,0,fno,A5,5,0.0,,,
0,0,fno,A10,10,0.0,,,
0,0,fno,A20,20,0.0,,,
0,0,fno,A50,50,0.0,,,
0,0,fno,B,48,0.0,2,0.2596486383463026,
0,0,fno,curse,,,,,0.4626914668808475
0,0,g12,A1,1,0.0,,,
0,0,g12,A2,2,0.0,,,
0,0,g12,A5,5,0.0,,,
0,0,g12,A10,10,0.0,,,
0,0,g12,A20,20,0.0,,,
0,0,g12,A50,50,0.0,,,
0,0,g12,B,50,0.0,0,0.24548167320317288,
0,0,g12,curse,,,,,-0.023974488356351853
0,0,pod136,A1,1,0.7603461816879904,,,
0,0,pod136,A2,2,0.6324798940651506,,,
0,0,pod136,A5,5,0.6324798940651506,,,
0,0,pod136,A10,10,0.6003266724041671,,,
0,0,pod136,A20,20,0.4966780584641566,,,
0,0,pod136,A50,50,0.37646242584697187,,,
0,0,pod136,B,50,0.37646242584697187,0,0.26200335651658213,
0,0,pod136,curse,,,,,55.96412196211072
0,0,none,C1,1,0.6855287210622901,,,
0,0,none,C2,2,0.611833084867676,,,
0,0,none,C5,5,0.5545468162354478,,,
0,0,none,C10,10,0.4448245506563878,,,
0,0,none,C20,20,0.3455106633573608,,,
0,0,none,C50,50,0.2604254909303903,,,
0,0,none,C100,100,0.16810054785529785,,,
0,0,none,C200,200,0.11124363742166903,,,
0,0,none,C500,500,0.022556716877366746,,,
0,0,none,C1000,1000,0.0,,,
0,1,fno,A1,1,0.06506239144422421,,,
0,1,fno,A2,2,0.0,,,
0,1,fno,A5,5,0.0,,,
0,1,fno,A10,10,0.0,,,
0,1,fno,A20,20,0.0,,,
0,1,fno,A50,50,0.0,,,
0,1,fno,B,48,0.0,4,0.20929328696665764,
0,1,fno,curse,,,,,0.3903786190144871
0,1,g12,A1,1,0.0,,,
0,1,g12,A2,2,0.0,,,
0,1,g12,A5,5,0.0,,,
0,1,g12,A10,10,0.0,,,
0,1,g12,A20,20,0.0,,,
0,1,g12,A50,50,0.0,,,
0,1,g12,B,50,0.0,0,0.2048605116354414,
0,1,g12,curse,,,,,-0.0007621440730901652
0,1,pod136,A1,1,0.770575854683452,,,
0,1,pod136,A2,2,0.770575854683452,,,
0,1,pod136,A5,5,0.767217762137927,,,
0,1,pod136,A10,10,0.556974298380971,,,
0,1,pod136,A20,20,0.4299140592250057,,,
0,1,pod136,A50,50,0.3371552899544671,,,
0,1,pod136,B,50,0.3371552899544671,0,0.2178257445503312,
0,1,pod136,curse,,,,,71.57266053667655
0,1,none,C1,1,0.6511881391460963,,,
0,1,none,C2,2,0.5864509698933881,,,
0,1,none,C5,5,0.4961652389483785,,,
0,1,none,C10,10,0.4019319021062644,,,
0,1,none,C20,20,0.31256145369064947,,,
0,1,none,C50,50,0.18738581210452865,,,
0,1,none,C100,100,0.14254712480779644,,,
0,1,none,C200,200,0.0800631817756176,,,
0,1,none,C500,500,0.028329171827270478,,,
0,1,none,C1000,1000,0.0,,,
0,2,fno,A1,1,0.055880741069349926,,,
0,2,fno,A2,2,0.0,,,
0,2,fno,A5,5,0.0,,,
0,2,fno,A10,10,0.0,,,
0,2,fno,A20,20,0.0,,,
0,2,fno,A50,50,0.0,,,
0,2,fno,B,49,0.0,2,0.23850286952202931,
0,2,fno,curse,,,,,0.444363986394235
0,2,g12,A1,1,0.0,,,
0,2,g12,A2,2,0.0,,,
0,2,g12,A5,5,0.0,,,
0,2,g12,A10,10,0.0,,,
0,2,g12,A20,20,0.0,,,
0,2,g12,A50,50,0.0,,,
0,2,g12,B,50,0.0,0,0.23584372921727617,
0,2,g12,curse,,,,,-0.04871850669815525
0,2,pod136,A1,1,0.7230818181607197,,,
0,2,pod136,A2,2,0.7230818181607197,,,
0,2,pod136,A5,5,0.563826987196602,,,
0,2,pod136,A10,10,0.563826987196602,,,
0,2,pod136,A20,20,0.563826987196602,,,
0,2,pod136,A50,50,0.058575917618725604,,,
0,2,pod136,B,50,0.058575917618725604,0,0.2335360369490834,
0,2,pod136,curse,,,,,41.47509306345473
0,2,none,C1,1,0.6737551473069499,,,
0,2,none,C2,2,0.5866883634497555,,,
0,2,none,C5,5,0.5211624577385708,,,
0,2,none,C10,10,0.43379594878899397,,,
0,2,none,C20,20,0.32299044507375685,,,
0,2,none,C50,50,0.23444168753911707,,,
0,2,none,C100,100,0.16625813828923156,,,
0,2,none,C200,200,0.1106708337798766,,,
0,2,none,C500,500,0.04713701084786405,,,
0,2,none,C1000,1000,0.0,,,
0,3,fno,A1,1,0.08455170094301179,,,
0,3,fno,A2,2,0.0,,,
0,3,fno,A5,5,0.0,,,
0,3,fno,A10,10,0.0,,,
0,3,fno,A20,20,0.0,,,
0,3,fno,A50,50,0.0,,,
0,3,fno,B,49,0.0,1,0.21850470202335534,
0,3,fno,curse,,,,,0.46155332308507635
0,3,g12,A1,1,0.0,,,
0,3,g12,A2,2,0.0,,,
0,3,g12,A5,5,0.0,,,
0,3,g12,A10,10,0.0,,,
0,3,g12,A20,20,0.0,,,
0,3,g12,A50,50,0.0,,,
0,3,g12,B,50,0.0,0,0.19426569418925146,
0,3,g12,curse,,,,,0.004141536875994722
0,3,pod136,A1,1,0.7797951287616475,,,
0,3,pod136,A2,2,0.7797951287616475,,,
0,3,pod136,A5,5,0.7273026394280178,,,
0,3,pod136,A10,10,0.630510122984441,,,
0,3,pod136,A20,20,0.630510122984441,,,
0,3,pod136,A50,50,0.19911457203314786,,,
0,3,pod136,B,50,0.19911457203314786,0,0.21040215665615705,
0,3,pod136,curse,,,,,66.8941536754243
0,3,none,C1,1,0.6719641044072456,,,
0,3,none,C2,2,0.6203342237037686,,,
0,3,none,C5,5,0.5070876474641872,,,
0,3,none,C10,10,0.44050960918498516,,,
0,3,none,C20,20,0.3333101377386461,,,
0,3,none,C50,50,0.23183275243233897,,,
0,3,none,C100,100,0.1457183169444127,,,
0,3,none,C200,200,0.06779624321716454,,,
0,3,none,C500,500,0.021914839639348288,,,
0,3,none,C1000,1000,0.0,,,
0,4,fno,A1,1,0.04966719325078073,,,
0,4,fno,A2,2,0.04966719325078073,,,
0,4,fno,A5,5,0.004863570029656095,,,
0,4,fno,A10,10,0.0,,,
0,4,fno,A20,20,0.0,,,
0,4,fno,A50,50,0.0,,,
0,4,fno,B,48,0.0,2,0.1697283939803637,
0,4,fno,curse,,,,,0.42931108200472323
0,4,g12,A1,1,0.0,,,
0,4,g12,A2,2,0.0,,,
0,4,g12,A5,5,0.0,,,
0,4,g12,A10,10,0.0,,,
0,4,g12,A20,20,0.0,,,
0,4,g12,A50,50,0.0,,,
0,4,g12,B,50,0.0,0,0.14917088890589647,
0,4,g12,curse,,,,,-0.03180040951893659
0,4,pod136,A1,1,0.7597356904097214,,,
0,4,pod136,A2,2,0.5846111254850344,,,
0,4,pod136,A5,5,0.5846111254850344,,,
0,4,pod136,A10,10,0.5846111254850344,,,
0,4,pod136,A20,20,0.2987455537966156,,,
0,4,pod136,A50,50,0.21463278563331278,,,
0,4,pod136,B,50,0.21463278563331278,0,0.15954487729531927,
0,4,pod136,curse,,,,,67.1509105822183
0,4,none,C1,1,0.6721769542193178,,,
0,4,none,C2,2,0.5856302695243081,,,
0,4,none,C5,5,0.4906090834632628,,,
0,4,none,C10,10,0.39303807652667017,,,
0,4,none,C20,20,0.29974411935997874,,,
0,4,none,C50,50,0.14543892472716746,,,
0,4,none,C100,100,0.07835807298918118,,,
0,4,none,C200,200,0.027689583194555924,,,
0,4,none,C500,500,0.004266878285183884,,,
0,4,none,C1000,1000,0.0,,,
0,5,fno,A1,1,0.0,,,
0,5,fno,A2,2,0.0,,,
0,5,fno,A5,5,0.0,,,
0,5,fno,A10,10,0.0,,,
0,5,fno,A20,20,0.0,,,
0,5,fno,A50,50,0.0,,,
0,5,fno,B,50,0.0,0,0.3292588483748544,
0,5,fno,curse,,,,,0.6722828922358539
0,5,g12,A1,1,0.0,,,
0,5,g12,A2,2,0.0,,,
0,5,g12,A5,5,0.0,,,
0,5,g12,A10,10,0.0,,,
0,5,g12,A20,20,0.0,,,
0,5,g12,A50,50,0.0,,,
0,5,g12,B,50,0.0,0,0.3402649688791241,
0,5,g12,curse,,,,,-0.07577216007433674
0,5,pod136,A1,1,0.7269115468508128,,,
0,5,pod136,A2,2,0.7269115468508128,,,
0,5,pod136,A5,5,0.6982716244062253,,,
0,5,pod136,A10,10,0.6446914757807769,,,
0,5,pod136,A20,20,0.6446914757807769,,,
0,5,pod136,A50,50,0.25512831568536287,,,
0,5,pod136,B,50,0.25512831568536287,0,0.33532660357575644,
0,5,pod136,curse,,,,,37.30886946338513
0,5,none,C1,1,0.728722619849924,,,
0,5,none,C2,2,0.6733724617163037,,,
0,5,none,C5,5,0.5898331581268157,,,
0,5,none,C10,10,0.512403679142426,,,
0,5,none,C20,20,0.4337350584871753,,,
0,5,none,C50,50,0.3284133992475664,,,
0,5,none,C100,100,0.2545514188637238,,,
0,5,none,C200,200,0.1976559482987129,,,
0,5,none,C500,500,0.10065047247675576,,,
0,5,none,C1000,1000,0.0,,,
0,6,fno,A1,1,0.0,,,
0,6,fno,A2,2,0.0,,,
0,6,fno,A5,5,0.0,,,
0,6,fno,A10,10,0.0,,,
0,6,fno,A20,20,0.0,,,
0,6,fno,A50,50,0.0,,,
0,6,fno,B,50,0.0,0,0.21164269375499484,
0,6,fno,curse,,,,,0.3483222848433041
0,6,g12,A1,1,0.013568785711625675,,,
0,6,g12,A2,2,0.0,,,
0,6,g12,A5,5,0.0,,,
0,6,g12,A10,10,0.0,,,
0,6,g12,A20,20,0.0,,,
0,6,g12,A50,50,0.0,,,
0,6,g12,B,50,0.0,0,0.20515933316161047,
0,6,g12,curse,,,,,-0.033602985302811916
0,6,pod136,A1,1,0.8343268732575728,,,
0,6,pod136,A2,2,0.807015627422652,,,
0,6,pod136,A5,5,0.41560479840407893,,,
0,6,pod136,A10,10,0.41560479840407893,,,
0,6,pod136,A20,20,0.41560479840407893,,,
0,6,pod136,A50,50,0.06971845114968322,,,
0,6,pod136,B,50,0.06971845114968322,0,0.20085095585150115,
0,6,pod136,curse,,,,,57.032398392807615
0,6,none,C1,1,0.663560476443955,,,
0,6,none,C2,2,0.6131471134535831,,,
0,6,none,C5,5,0.5167934097496466,,,
0,6,none,C10,10,0.4401989507909627,,,
0,6,none,C20,20,0.3431240459601666,,,
0,6,none,C50,50,0.18877196399508694,,,
0,6,none,C100,100,0.12172608111601611,,,
0,6,none,C200,200,0.05880441490602688,,,
0,6,none,C500,500,0.015280781412461461,,,
0,6,none,C1000,1000,0.0,,,
0,7,fno,A1,1,0.0,,,
0,7,fno,A2,2,0.0,,,
0,7,fno,A5,5,0.0,,,
0,7,fno,A10,10,0.0,,,
0,7,fno,A20,20,0.0,,,
0,7,fno,A50,50,0.0,,,
0,7,fno,B,50,0.0,0,0.2302940087731843,
0,7,fno,curse,,,,,0.2786902184478066
0,7,g12,A1,1,0.0,,,
0,7,g12,A2,2,0.0,,,
0,7,g12,A5,5,0.0,,,
0,7,g12,A10,10,0.0,,,
0,7,g12,A20,20,0.0,,,
0,7,g12,A50,50,0.0,,,
0,7,g12,B,50,0.0,0,0.19867399383846532,
0,7,g12,curse,,,,,-0.05887763440625127
0,7,pod136,A1,1,0.7710905149803335,,,
0,7,pod136,A2,2,0.7710905149803335,,,
0,7,pod136,A5,5,0.66734906671076,,,
0,7,pod136,A10,10,0.5975214282895747,,,
0,7,pod136,A20,20,0.5853140054612527,,,
0,7,pod136,A50,50,0.03318609171256548,,,
0,7,pod136,B,50,0.03318609171256548,0,0.20571316232534428,
0,7,pod136,curse,,,,,41.94735017389211
0,7,none,C1,1,0.6712283811472527,,,
0,7,none,C2,2,0.6307708513348335,,,
0,7,none,C5,5,0.5515989278736799,,,
0,7,none,C10,10,0.47191548558888724,,,
0,7,none,C20,20,0.35003155710157335,,,
0,7,none,C50,50,0.21302162539445704,,,
0,7,none,C100,100,0.13345012270967782,,,
0,7,none,C200,200,0.04999854000423681,,,
0,7,none,C500,500,0.012591718576566286,,,
0,7,none,C1000,1000,0.0,,,
0,8,fno,A1,1,0.07198415989943452,,,
0,8,fno,A2,2,0.0,,,
0,8,fno,A5,5,0.0,,,
0,8,fno,A10,10,0.0,,,
0,8,fno,A20,20,0.0,,,
0,8,fno,A50,50,0.0,,,
0,8,fno,B,48,0.0,2,0.26896433844431045,
0,8,fno,curse,,,,,0.4874638645067457
0,8,g12,A1,1,0.0,,,
0,8,g12,A2,2,0.0,,,
0,8,g12,A5,5,0.0,,,
0,8,g12,A10,10,0.0,,,
0,8,g12,A20,20,0.0,,,
0,8,g12,A50,50,0.0,,,
0,8,g12,B,50,0.0,0,0.2650322890953898,
0,8,g12,curse,,,,,-0.0036993336231333496
0,8,pod136,A1,1,0.7953517173019256,,,
0,8,pod136,A2,2,0.767025594796056,,,
0,8,pod136,A5,5,0.618717372777557,,,
0,8,pod136,A10,10,0.511561241360613,,,
0,8,pod136,A20,20,0.49422723291490556,,,
0,8,pod136,A50,50,0.118844722468474,,,
0,8,pod136,B,50,0.118844722468474,0,0.24759539837204883,
0,8,pod136,curse,,,,,50.75532978021629
0,8,none,C1,1,0.6736547491243479,,,
0,8,none,C2,2,0.6234785348470715,,,
0,8,none,C5,5,0.5171522567513119,,,
0,8,none,C10,10,0.4560510821571397,,,
0,8,none,C20,20,0.38051797053256764,,,
0,8,none,C50,50,0.2565636185223068,,,
0,8,none,C100,100,0.18001024188353326,,,
0,8,none,C200,200,0.11944264785295867,,,
0,8,none,C500,500,0.05472722958343036,,,
0,8,none,C1000,1000,0.0,,,
0,9,fno,A1,1,0.24490082551542547,,,
0,9,fno,A2,2,0.030798873394904502,,,
0,9,fno,A5,5,0.0,,,
0,9,fno,A10,10,0.0,,,
0,9,fno,A20,20,0.0,,,
0,9,fno,A50,50,0.0,,,
0,9,fno,B,48,0.0,2,0.2734194071075962,
0,9,fno,curse,,,,,0.7279113752373332
0,9,g12,A1,1,0.0,,,
0,9,g12,A2,2,0.0,,,
0,9,g12,A5,5,0.0,,,
0,9,g12,A10,10,0.0,,,
0,9,g12,A20,20,0.0,,,
0,9,g12,A50,50,0.0,,,
0,9,g12,B,50,0.0,0,0.27568652980421393,
0,9,g12,curse,,,,,-0.028945416214478104
0,9,pod136,A1,1,0.7080931053628228,,,
0,9,pod136,A2,2,0.7080931053628228,,,
0,9,pod136,A5,5,0.7080931053628228,,,
0,9,pod136,A10,10,0.533556270140802,,,
0,9,pod136,A20,20,0.43329636859461407,,,
0,9,pod136,A50,50,0.2970141323112977,,,
0,9,pod136,B,50,0.2970141323112977,0,0.2678556916037603,
0,9,pod136,curse,,,,,23.494024916513442
0,9,none,C1,1,0.7044157614412353,,,
0,9,none,C2,2,0.6580707977191692,,,
0,9,none,C5,5,0.592414924250043,,,
0,9,none,C10,10,0.47491698589476383,,,
0,9,none,C20,20,0.4065606760583374,,,
0,9,none,C50,50,0.28419867592673703,,,
0,9,none,C100,100,0.1940298863337993,,,
0,9,none,C200,200,0.1310348101142699,,,
0,9,none,C500,500,0.04233427766207461,,,
0,9,none,C1000,1000,0.0,,,
1,0,fno,A1,1,0.0,,,
1,0,fno,A2,2,0.0,,,
1,0,fno,A5,5,0.0,,,
1,0,fno,A10,10,0.0,,,
1,0,fno,A20,20,0.0,,,
1,0,fno,A50,50,0.0,,,
1,0,fno,B,27,0.0,23,0.24618305605490792,
1,0,fno,curse,,,,,0.0859219426480975
1,0,g12,A1,1,0.0224664873139655,,,
1,0,g12,A2,2,0.0224664873139655,,,
1,0,g12,A5,5,0.0,,,
1,0,g12,A10,10,0.0,,,
1,0,g12,A20,20,0.0,,,
1,0,g12,A50,50,0.0,,,
1,0,g12,B,50,0.0,0,0.1746881121711801,
1,0,g12,curse,,,,,-0.09195525410303851
1,0,pod136,A1,1,0.3986839609142482,,,
1,0,pod136,A2,2,0.15755793450025402,,,
1,0,pod136,A5,5,0.15755793450025402,,,
1,0,pod136,A10,10,0.15755793450025402,,,
1,0,pod136,A20,20,0.15755793450025402,,,
1,0,pod136,A50,50,0.0,,,
1,0,pod136,B,50,0.0,0,0.17587091611960137,
1,0,pod136,curse,,,,,1.1591567593559158
1,0,none,C1,1,0.6736690850703526,,,
1,0,none,C2,2,0.5831490708645446,,,
1,0,none,C5,5,0.47606505284237877,,,
1,0,none,C10,10,0.38962934102233615,,,
1,0,none,C20,20,0.2933264750636849,,,
1,0,none,C50,50,0.18040529559384194,,,
1,0,none,C100,100,0.12870674207340324,,,
1,0,none,C200,200,0.0840381584323632,,,
1,0,none,C500,500,0.023589974322517672,,,
1,0,none,C1000,1000,0.0,,,
1,1,fno,A1,1,0.0,,,
1,1,fno,A2,2,0.0,,,
1,1,fno,A5,5,0.0,,,
1,1,fno,A10,10,0.0,,,
1,1,fno,A20,20,0.0,,,
1,1,fno,A50,50,0.0,,,
1,1,fno,B,19,0.0,32,0.3090057823129246,
1,1,fno,curse,,,,,-0.03813812727384247
1,1,g12,A1,1,0.0,,,
1,1,g12,A2,2,0.0,,,
1,1,g12,A5,5,0.0,,,
1,1,g12,A10,10,0.0,,,
1,1,g12,A20,20,0.0,,,
1,1,g12,A50,50,0.0,,,
1,1,g12,B,50,0.0,0,0.2001106587390714,
1,1,g12,curse,,,,,-0.0929395056961938
1,1,pod136,A1,1,0.5806546582953047,,,
1,1,pod136,A2,2,0.5806546582953047,,,
1,1,pod136,A5,5,0.4335352760854094,,,
1,1,pod136,A10,10,0.4335352760854094,,,
1,1,pod136,A20,20,0.20222489267374089,,,
1,1,pod136,A50,50,0.0,,,
1,1,pod136,B,50,0.0,0,0.21270983609684252,
1,1,pod136,curse,,,,,2.773184890451474
1,1,none,C1,1,0.6479438384348839,,,
1,1,none,C2,2,0.6189760121990456,,,
1,1,none,C5,5,0.4892558360266505,,,
1,1,none,C10,10,0.39843869133890975,,,
1,1,none,C20,20,0.30411698412897964,,,
1,1,none,C50,50,0.1989490115440628,,,
1,1,none,C100,100,0.13772629131676437,,,
1,1,none,C200,200,0.09480355046706107,,,
1,1,none,C500,500,0.020997985264928656,,,
1,1,none,C1000,1000,0.0,,,
1,2,fno,A1,1,0.005443612678959431,,,
1,2,fno,A2,2,0.0,,,
1,2,fno,A5,5,0.0,,,
1,2,fno,A10,10,0.0,,,
1,2,fno,A20,20,0.0,,,
1,2,fno,A50,50,0.0,,,
1,2,fno,B,24,0.0,27,0.2957202638179898,
1,2,fno,curse,,,,,0.020079681867657406
1,2,g12,A1,1,0.0,,,
1,2,g12,A2,2,0.0,,,
1,2,g12,A5,5,0.0,,,
1,2,g12,A10,10,0.0,,,
1,2,g12,A20,20,0.0,,,
1,2,g12,A50,50,0.0,,,
1,2,g12,B,50,0.0,0,0.21757382033471664,
1,2,g12,curse,,,,,-0.09288609639384282
1,2,pod136,A1,1,0.7686965911704288,,,
1,2,pod136,A2,2,0.7594396576584884,,,
1,2,pod136,A5,5,0.1534233588141768,,,
1,2,pod136,A10,10,0.1534233588141768,,,
1,2,pod136,A20,20,0.08647240523691857,,,
1,2,pod136,A50,50,0.0,,,
1,2,pod136,B,50,0.0,0,0.22077973325578149,
1,2,pod136,curse,,,,,5.3093693199628
1,2,none,C1,1,0.6998215472322468,,,
1,2,none,C2,2,0.6055745393826126,,,
1,2,none,C5,5,0.508233920410626,,,
1,2,none,C10,10,0.39892078870179515,,,
1,2,none,C20,20,0.32984784966492975,,,
1,2,none,C50,50,0.22836774796472825,,,
1,2,none,C100,100,0.1464712785430889,,,
1,2,none,C200,200,0.09065604160710286,,,
1,2,none,C500,500,0.027479629167655804,,,
1,2,none,C1000,1000,0.0,,,
1,3,fno,A1,1,0.04255906075918847,,,
1,3,fno,A2,2,0.04255906075918847,,,
1,3,fno,A5,5,0.0,,,
1,3,fno,A10,10,0.0,,,
1,3,fno,A20,20,0.0,,,
1,3,fno,A50,50,0.0,,,
1,3,fno,B,27,0.0,25,0.24535865571558915,
1,3,fno,curse,,,,,0.032561358735026635
1,3,g12,A1,1,0.04255906075918847,,,
1,3,g12,A2,2,0.0,,,
1,3,g12,A5,5,0.0,,,
1,3,g12,A10,10,0.0,,,
1,3,g12,A20,20,0.0,,,
1,3,g12,A50,50,0.0,,,
1,3,g12,B,50,0.0,0,0.17778172131815537,
1,3,g12,curse,,,,,-0.08154971425193958
1,3,pod136,A1,1,0.4207336765428945,,,
1,3,pod136,A2,2,0.4207336765428945,,,
1,3,pod136,A5,5,0.0,,,
1,3,pod136,A10,10,0.0,,,
1,3,pod136,A20,20,0.0,,,
1,3,pod136,A50,50,0.0,,,
1,3,pod136,B,50,0.0,0,0.1756858001813872,
1,3,pod136,curse,,,,,1.5467617927096837
1,3,none,C1,1,0.6825478365947275,,,
1,3,none,C2,2,0.584069082692344,,,
1,3,none,C5,5,0.47936732628346995,,,
1,3,none,C10,10,0.3944658410408055,,,
1,3,none,C20,20,0.26900628791654974,,,
1,3,none,C50,50,0.17757883766625354,,,
1,3,none,C100,100,0.12644904958443695,,,
1,3,none,C200,200,0.07818923514471422,,,
1,3,none,C500,500,0.031166151054123667,,,
1,3,none,C1000,1000,0.0,,,
1,4,fno,A1,1,0.0,,,
1,4,fno,A2,2,0.0,,,
1,4,fno,A5,5,0.0,,,
1,4,fno,A10,10,0.0,,,
1,4,fno,A20,20,0.0,,,
1,4,fno,A50,50,0.0,,,
1,4,fno,B,25,0.0,25,0.2914465800077277,
1,4,fno,curse,,,,,0.039558300378862876
1,4,g12,A1,1,0.012060324302040959,,,
1,4,g12,A2,2,0.012060324302040959,,,
1,4,g12,A5,5,0.012060324302040959,,,
1,4,g12,A10,10,0.0,,,
1,4,g12,A20,20,0.0,,,
1,4,g12,A50,50,0.0,,,
1,4,g12,B,50,0.0,0,0.18651854006669077,
1,4,g12,curse,,,,,-0.13913824490996451
1,4,pod136,A1,1,0.4155056525651776,,,
1,4,pod136,A2,2,0.08150544260736148,,,
1,4,pod136,A5,5,0.08150544260736148,,,
1,4,pod136,A10,10,0.0,,,
1,4,pod136,A20,20,0.0,,,
1,4,pod136,A50,50,0.0,,,
1,4,pod136,B,50,0.0,0,0.21009847606862117,
1,4,pod136,curse,,,,,1.447573119984221
1,4,none,C1,1,0.6721300409308096,,,
1,4,none,C2,2,0.6163211016278622,,,
1,4,none,C5,5,0.5087001356315735,,,
1,4,none,C10,10,0.41109554620943967,,,
1,4,none,C20,20,0.33614936903574116,,,
1,4,none,C50,50,0.21620007791980267,,,
1,4,none,C100,100,0.12242296971629002,,,
1,4,none,C200,200,0.06809463477055673,,,
1,4,none,C500,500,0.01737540584762262,,,
1,4,none,C1000,1000,0.0,,,
1,5,fno,A1,1,0.04841463248219191,,,
1,5,fno,A2,2,0.0,,,
1,5,fno,A5,5,0.0,,,
1,5,fno,A10,10,0.0,,,
1,5,fno,A20,20,0.0,,,
1,5,fno,A50,50,0.0,,,
1,5,fno,B,27,0.0,23,0.2802417064170903,
1,5,fno,curse,,,,,0.0891102608487282
1,5,g12,A1,1,0.0,,,
1,5,g12,A2,2,0.0,,,
1,5,g12,A5,5,0.0,,,
1,5,g12,A10,10,0.0,,,
1,5,g12,A20,20,0.0,,,
1,5,g12,A50,50,0.0,,,
1,5,g12,B,50,0.0,0,0.19636943513338054,
1,5,g12,curse,,,,,-0.131216930780223
1,5,pod136,A1,1,0.7760357562240661,,,
1,5,pod136,A2,2,0.5353130701433495,,,
1,5,pod136,A5,5,0.146800957200654,,,
1,5,pod136,A10,10,0.146800957200654,,,
1,5,pod136,A20,20,0.04841463248219191,,,
1,5,pod136,A50,50,0.0,,,
1,5,pod136,B,50,0.0,0,0.21272270460602358,
1,5,pod136,curse,,,,,5.879944712989062
1,5,none,C1,1,0.6812646479124729,,,
1,5,none,C2,2,0.6135865162194709,,,
1,5,none,C5,5,0.5205382067178441,,,
1,5,none,C10,10,0.3943710917046089,,,
1,5,none,C20,20,0.296910719644521,,,
1,5,none,C50,50,0.19586576190743038,,,
1,5,none,C100,100,0.14349254807354683,,,
1,5,none,C200,200,0.09059037951361903,,,
1,5,none,C500,500,0.03848127121379418,,,
1,5,none,C1000,1000,0.0,,,
1,6,fno,A1,1,0.0,,,
1,6,fno,A2,2,0.0,,,
1,6,fno,A5,5,0.0,,,
1,6,fno,A10,10,0.0,,,
1,6,fno,A20,20,0.0,,,
1,6,fno,A50,50,0.0,,,
1,6,fno,B,21,0.0,31,0.29494258145111585,
1,6,fno,curse,,,,,0.037075293894602845
1,6,g12,A1,1,0.05125515199083197,,,
1,6,g12,A2,2,0.0,,,
1,6,g12,A5,5,0.0,,,
1,6,g12,A10,10,0.0,,,
1,6,g12,A20,20,0.0,,,
1,6,g12,A50,50,0.0,,,
1,6,g12,B,50,0.0,0,0.20987997928408814,
1,6,g12,curse,,,,,-0.05744575259300144
1,6,pod136,A1,1,0.7445692350216319,,,
1,6,pod136,A2,2,0.7248905299636306,,,
1,6,pod136,A5,5,0.4193697475815329,,,
1,6,pod136,A10,10,0.09846830897918613,,,
1,6,pod136,A20,20,0.05647513576519603,,,
1,6,pod136,A50,50,0.05647513576519603,,,
1,6,pod136,B,50,0.05647513576519603,0,0.21150692746905064,
1,6,pod136,curse,,,,,4.498899811761637
1,6,none,C1,1,0.6691632236550065,,,
1,6,none,C2,2,0.595910307138326,,,
1,6,none,C5,5,0.49347391959126413,,,
1,6,none,C10,10,0.3954284497445238,,,
1,6,none,C20,20,0.2940294527841418,,,
1,6,none,C50,50,0.21528196716672185,,,
1,6,none,C100,100,0.1557474971218646,,,
1,6,none,C200,200,0.1068063482606388,,,
1,6,none,C500,500,0.03122242822752954,,,
1,6,none,C1000,1000,0.0,,,
1,7,fno,A1,1,0.07745234912014931,,,
1,7,fno,A2,2,0.06259978800227362,,,
1,7,fno,A5,5,0.0,,,
1,7,fno,A10,10,0.0,,,
1,7,fno,A20,20,0.0,,,
1,7,fno,A50,50,0.0,,,
1,7,fno,B,21,0.0,30,0.2939147520913865,
1,7,fno,curse,,,,,0.0580421064347012
1,7,g12,A1,1,0.0,,,
1,7,g12,A2,2,0.0,,,
1,7,g12,A5,5,0.0,,,
1,7,g12,A10,10,0.0,,,
1,7,g12,A20,20,0.0,,,
1,7,g12,A50,50,0.0,,,
1,7,g12,B,50,0.0,0,0.19348476086677435,
1,7,g12,curse,,,,,-0.1078300801694918
1,7,pod136,A1,1,0.7406108491040373,,,
1,7,pod136,A2,2,0.7406108491040373,,,
1,7,pod136,A5,5,0.036329369285077906,,,
1,7,pod136,A10,10,0.036329369285077906,,,
1,7,pod136,A20,20,0.036329369285077906,,,
1,7,pod136,A50,50,0.0,,,
1,7,pod136,B,50,0.0,0,0.20529945018377263,
1,7,pod136,curse,,,,,4.384530505627391
1,7,none,C1,1,0.7091634698834359,,,
1,7,none,C2,2,0.6082864127883598,,,
1,7,none,C5,5,0.500408441489691,,,
1,7,none,C10,10,0.4053910408302366,,,
1,7,none,C20,20,0.3186732047908587,,,
1,7,none,C50,50,0.21607240023443544,,,
1,7,none,C100,100,0.11922063115146937,,,
1,7,none,C200,200,0.062067214073005215,,,
1,7,none,C500,500,0.021592569247992053,,,
1,7,none,C1000,1000,0.0,,,
1,8,fno,A1,1,0.0,,,
1,8,fno,A2,2,0.0,,,
1,8,fno,A5,5,0.0,,,
1,8,fno,A10,10,0.0,,,
1,8,fno,A20,20,0.0,,,
1,8,fno,A50,50,0.0,,,
1,8,fno,B,24,0.0,26,0.27880034732920195,
1,8,fno,curse,,,,,0.005193095256521785
1,8,g12,A1,1,0.10405967919797876,,,
1,8,g12,A2,2,0.06868850581561181,,,
1,8,g12,A5,5,0.0,,,
1,8,g12,A10,10,0.0,,,
1,8,g12,A20,20,0.0,,,
1,8,g12,A50,50,0.0,,,
1,8,g12,B,50,0.0,0,0.20927517247969177,
1,8,g12,curse,,,,,-0.09283217564425572
1,8,pod136,A1,1,0.7678562558523875,,,
1,8,pod136,A2,2,0.06868850581561181,,,
1,8,pod136,A5,5,0.06868850581561181,,,
1,8,pod136,A10,10,0.06868850581561181,,,
1,8,pod136,A20,20,0.0,,,
1,8,pod136,A50,50,0.0,,,
1,8,pod136,B,50,0.0,0,0.197313361818438,
1,8,pod136,curse,,,,,5.214956878134901
1,8,none,C1,1,0.6826553691492198,,,
1,8,none,C2,2,0.6120135052923308,,,
1,8,none,C5,5,0.5137919327008769,,,
1,8,none,C10,10,0.40616474504195893,,,
1,8,none,C20,20,0.3214563240948894,,,
1,8,none,C50,50,0.2078688813047968,,,
1,8,none,C100,100,0.1321792805192772,,,
1,8,none,C200,200,0.08105642868654638,,,
1,8,none,C500,500,0.03386603705939815,,,
1,8,none,C1000,1000,0.0,,,
1,9,fno,A1,1,0.009657487865076697,,,
1,9,fno,A2,2,0.0,,,
1,9,fno,A5,5,0.0,,,
1,9,fno,A10,10,0.0,,,
1,9,fno,A20,20,0.0,,,
1,9,fno,A50,50,0.0,,,
1,9,fno,B,17,0.0,34,0.3321259450563073,
1,9,fno,curse,,,,,0.028352819946073415
1,9,g12,A1,1,0.03588458168855102,,,
1,9,g12,A2,2,0.03588458168855102,,,
1,9,g12,A5,5,0.0,,,
1,9,g12,A10,10,0.0,,,
1,9,g12,A20,20,0.0,,,
1,9,g12,A50,50,0.0,,,
1,9,g12,B,50,0.0,0,0.20472433326448297,
1,9,g12,curse,,,,,-0.0757460858250587
1,9,pod136,A1,1,0.5814137610531821,,,
1,9,pod136,A2,2,0.5814137610531821,,,
1,9,pod136,A5,5,0.13093255758839228,,,
1,9,pod136,A10,10,0.13093255758839228,,,
1,9,pod136,A20,20,0.13093255758839228,,,
1,9,pod136,A50,50,0.009657487865076697,,,
1,9,pod136,B,50,0.009657487865076697,0,0.18333668741118722,
1,9,pod136,curse,,,,,2.7104106653988853
1,9,none,C1,1,0.6750364743750495,,,
1,9,none,C2,2,0.5853858935157007,,,
1,9,none,C5,5,0.4772136670254879,,,
1,9,none,C10,10,0.3766943338565579,,,
1,9,none,C20,20,0.28611113162095,,,
1,9,none,C50,50,0.19801448347221284,,,
1,9,none,C100,100,0.13381612961786996,,,
1,9,none,C200,200,0.07794055366719203,,,
1,9,none,C500,500,0.01953290831767264,,,
1,9,none,C1000,1000,0.0,,,
2,0,fno,A1,1,0.08825318965352535,,,
2,0,fno,A2,2,0.0,,,
2,0,fno,A5,5,0.0,,,
2,0,fno,A10,10,0.0,,,
2,0,fno,A20,20,0.0,,,
2,0,fno,A50,50,0.0,,,
2,0,fno,B,24,0.0,26,0.3314621824832274,
2,0,fno,curse,,,,,-0.018674000509004585
2,0,g12,A1,1,0.013994143164081652,,,
2,0,g12,A2,2,0.0,,,
2,0,g12,A5,5,0.0,,,
2,0,g12,A10,10,0.0,,,
2,0,g12,A20,20,0.0,,,
2,0,g12,A50,50,0.0,,,
2,0,g12,B,50,0.0,0,0.24206262559533914,
2,0,g12,curse,,,,,-0.07528176473567105
2,0,pod136,A1,1,0.0,,,
2,0,pod136,A2,2,0.0,,,
2,0,pod136,A5,5,0.0,,,
2,0,pod136,A10,10,0.0,,,
2,0,pod136,A20,20,0.0,,,
2,0,pod136,A50,50,0.0,,,
2,0,pod136,B,43,0.0,10,0.24558647861757715,
2,0,pod136,curse,,,,,-0.013683743692884498
2,0,none,C1,1,0.7224284678006161,,,
2,0,none,C2,2,0.649875156944196,,,
2,0,none,C5,5,0.51358891058994,,,
2,0,none,C10,10,0.4388498810904911,,,
2,0,none,C20,20,0.3503972542198217,,,
2,0,none,C50,50,0.2394931662860572,,,
2,0,none,C100,100,0.1667454442367896,,,
2,0,none,C200,200,0.10829115440792612,,,
2,0,none,C500,500,0.03409025623214093,,,
2,0,none,C1000,1000,0.0,,,
2,1,fno,A1,1,0.04008798643141609,,,
2,1,fno,A2,2,0.04008798643141609,,,
2,1,fno,A5,5,0.04008798643141609,,,
2,1,fno,A10,10,0.04008798643141609,,,
2,1,fno,A20,20,0.0,,,
2,1,fno,A50,50,0.0,,,
2,1,fno,B,22,0.0,28,0.2762648700797166,
2,1,fno,curse,,,,,0.006793921238215761
2,1,g12,A1,1,0.0,,,
2,1,g12,A2,2,0.0,,,
2,1,g12,A5,5,0.0,,,
2,1,g12,A10,10,0.0,,,
2,1,g12,A20,20,0.0,,,
2,1,g12,A50,50,0.0,,,
2,1,g12,B,50,0.0,0,0.20005591453213753,
2,1,g12,curse,,,,,-0.06835344808162136
2,1,pod136,A1,1,0.2909032997773634,,,
2,1,pod136,A2,2,0.2909032997773634,,,
2,1,pod136,A5,5,0.0452388187174072,,,
2,1,pod136,A10,10,0.0,,,
2,1,pod136,A20,20,0.0,,,
2,1,pod136,A50,50,0.0,,,
2,1,pod136,B,43,0.0,10,0.21337365671180664,
2,1,pod136,curse,,,,,0.5650477740153264
2,1,none,C1,1,0.6730599708948745,,,
2,1,none,C2,2,0.6075218207134452,,,
2,1,none,C5,5,0.47004645056906497,,,
2,1,none,C10,10,0.39219596238998267,,,
2,1,none,C20,20,0.29657199095758047,,,
2,1,none,C50,50,0.1920253165646102,,,
2,1,none,C100,100,0.13043805008965584,,,
2,1,none,C200,200,0.07805771963453098,,,
2,1,none,C500,500,0.024770709262090577,,,
2,1,none,C1000,1000,0.0,,,
2,2,fno,A1,1,0.0,,,
2,2,fno,A2,2,0.0,,,
2,2,fno,A5,5,0.0,,,
2,2,fno,A10,10,0.0,,,
2,2,fno,A20,20,0.0,,,
2,2,fno,A50,50,0.0,,,
2,2,fno,B,25,0.0,26,0.2792624375321693,
2,2,fno,curse,,,,,-0.14897461009179402
2,2,g12,A1,1,0.08063337846849616,,,
2,2,g12,A2,2,0.039751321819255225,,,
2,2,g12,A5,5,0.0,,,
2,2,g12,A10,10,0.0,,,
2,2,g12,A20,20,0.0,,,
2,2,g12,A50,50,0.0,,,
2,2,g12,B,50,0.0,0,0.2324571087146121,
2,2,g12,curse,,,,,-0.01320065930614045
2,2,pod136,A1,1,0.4336677270021734,,,
2,2,pod136,A2,2,0.4092709709305682,,,
2,2,pod136,A5,5,0.0,,,
2,2,pod136,A10,10,0.0,,,
2,2,pod136,A20,20,0.0,,,
2,2,pod136,A50,50,0.0,,,
2,2,pod136,B,44,0.0,10,0.24678470328294944,
2,2,pod136,curse,,,,,0.9584897747223993
2,2,none,C1,1,0.6996279527667656,,,
2,2,none,C2,2,0.6062880937089599,,,
2,2,none,C5,5,0.49685059059975073,,,
2,2,none,C10,10,0.3919666707094349,,,
2,2,none,C20,20,0.3364554188363362,,,
2,2,none,C50,50,0.22604234471110815,,,
2,2,none,C100,100,0.1559358055719086,,,
2,2,none,C200,200,0.09670394202157072,,,
2,2,none,C500,500,0.036682595649449486,,,
2,2,none,C1000,1000,0.0,,,
2,3,fno,A1,1,0.1600882823678812,,,
2,3,fno,A2,2,0.0,,,
2,3,fno,A5,5,0.0,,,
2,3,fno,A10,10,0.0,,,
2,3,fno,A20,20,0.0,,,
2,3,fno,A50,50,0.0,,,
2,3,fno,B,26,0.0,24,0.3546036573894713,
2,3,fno,curse,,,,,-0.01682092658637413
2,3,g12,A1,1,0.0,,,
2,3,g12,A2,2,0.0,,,
2,3,g12,A5,5,0.0,,,
2,3,g12,A10,10,0.0,,,
2,3,g12,A20,20,0.0,,,
2,3,g12,A50,50,0.0,,,
2,3,g12,B,50,0.0,0,0.2656970123584776,
2,3,g12,curse,,,,,-0.10263726991451438
2,3,pod136,A1,1,0.5619708919275059,,,
2,3,pod136,A2,2,0.0,,,
2,3,pod136,A5,5,0.0,,,
2,3,pod136,A10,10,0.0,,,
2,3,pod136,A20,20,0.0,,,
2,3,pod136,A50,50,0.0,,,
2,3,pod136,B,41,0.0,13,0.2931487933107097,
2,3,pod136,curse,,,,,1.2445891349039488
2,3,none,C1,1,0.7139736017876865,,,
2,3,none,C2,2,0.6554586961886111,,,
2,3,none,C5,5,0.5500901880015062,,,
2,3,none,C10,10,0.4437033296940301,,,
2,3,none,C20,20,0.3752459948925161,,,
2,3,none,C50,50,0.2712617534776755,,,
2,3,none,C100,100,0.2118479368161135,,,
2,3,none,C200,200,0.1451555362733746,,,
2,3,none,C500,500,0.07355499686404095,,,
2,3,none,C1000,1000,0.0,,,
2,4,fno,A1,1,0.1273005004451233,,,
2,4,fno,A2,2,0.1273005004451233,,,
2,4,fno,A5,5,0.1273005004451233,,,
2,4,fno,A10,10,0.0,,,
2,4,fno,A20,20,0.0,,,
2,4,fno,A50,50,0.0,,,
2,4,fno,B,18,0.10601779459095384,32,0.32394609793991447,
2,4,fno,curse,,,,,0.0702089118717657
2,4,g12,A1,1,0.0,,,
2,4,g12,A2,2,0.0,,,
2,4,g12,A5,5,0.0,,,
2,4,g12,A10,10,0.0,,,
2,4,g12,A20,20,0.0,,,
2,4,g12,A50,50,0.0,,,
2,4,g12,B,50,0.0,0,0.2056229755354883,
2,4,g12,curse,,,,,-0.09453269914835494
2,4,pod136,A1,1,0.33159260928804823,,,
2,4,pod136,A2,2,0.0,,,
2,4,pod136,A5,5,0.0,,,
2,4,pod136,A10,10,0.0,,,
2,4,pod136,A20,20,0.0,,,
2,4,pod136,A50,50,0.0,,,
2,4,pod136,B,38,0.0,16,0.24099472288878515,
2,4,pod136,curse,,,,,0.5679098061310128
2,4,none,C1,1,0.7088560702310253,,,
2,4,none,C2,2,0.6304570839416088,,,
2,4,none,C5,5,0.4979246856633882,,,
2,4,none,C10,10,0.4106040436620424,,,
2,4,none,C20,20,0.33608627923646944,,,
2,4,none,C50,50,0.2081250847778957,,,
2,4,none,C100,100,0.13559870759577872,,,
2,4,none,C200,200,0.09270115636133823,,,
2,4,none,C500,500,0.03832225884359553,,,
2,4,none,C1000,1000,0.0,,,
2,5,fno,A1,1,0.020331666975955898,,,
2,5,fno,A2,2,0.0,,,
2,5,fno,A5,5,0.0,,,
2,5,fno,A10,10,0.0,,,
2,5,fno,A20,20,0.0,,,
2,5,fno,A50,50,0.0,,,
2,5,fno,B,26,0.0,24,0.2640679234434499,
2,5,fno,curse,,,,,0.03497460315853518
2,5,g12,A1,1,0.0,,,
2,5,g12,A2,2,0.0,,,
2,5,g12,A5,5,0.0,,,
2,5,g12,A10,10,0.0,,,
2,5,g12,A20,20,0.0,,,
2,5,g12,A50,50,0.0,,,
2,5,g12,B,50,0.0,0,0.1978518421413591,
2,5,g12,curse,,,,,-0.13098210380909536
2,5,pod136,A1,1,0.49848233011397636,,,
2,5,pod136,A2,2,0.3939108729782731,,,
2,5,pod136,A5,5,0.008469160974223788,,,
2,5,pod136,A10,10,0.0,,,
2,5,pod136,A20,20,0.0,,,
2,5,pod136,A50,50,0.0,,,
2,5,pod136,B,42,0.0,10,0.20799203796807902,
2,5,pod136,curse,,,,,1.5432137814306075
2,5,none,C1,1,0.7080000813322636,,,
2,5,none,C2,2,0.606906938420647,,,
2,5,none,C5,5,0.4858574086991925,,,
2,5,none,C10,10,0.3950692804002118,,,
2,5,none,C20,20,0.3009618626228648,,,
2,5,none,C50,50,0.20023142438439073,,,
2,5,none,C100,100,0.12480485433652165,,,
2,5,none,C200,200,0.05665248270826209,,,
2,5,none,C500,500,0.014616501512573914,,,
2,5,none,C1000,1000,0.0,,,
2,6,fno,A1,1,0.23375086969913494,,,
2,6,fno,A2,2,0.20642909467764414,,,
2,6,fno,A5,5,0.0,,,
2,6,fno,A10,10,0.0,,,
2,6,fno,A20,20,0.0,,,
2,6,fno,A50,50,0.0,,,
2,6,fno,B,32,0.0,18,0.2788411513025196,
2,6,fno,curse,,,,,0.14703455293343937
2,6,g12,A1,1,0.0,,,
2,6,g12,A2,2,0.0,,,
2,6,g12,A5,5,0.0,,,
2,6,g12,A10,10,0.0,,,
2,6,g12,A20,20,0.0,,,
2,6,g12,A50,50,0.0,,,
2,6,g12,B,50,0.0,0,0.2342344609258469,
2,6,g12,curse,,,,,-0.08278000017958687
2,6,pod136,A1,1,0.0,,,
2,6,pod136,A2,2,0.0,,,
2,6,pod136,A5,5,0.0,,,
2,6,pod136,A10,10,0.0,,,
2,6,pod136,A20,20,0.0,,,
2,6,pod136,A50,50,0.0,,,
2,6,pod136,B,43,0.0,11,0.251636493621854,
2,6,pod136,curse,,,,,-0.024853985050585448
2,6,none,C1,1,0.7205978899893328,,,
2,6,none,C2,2,0.6426006351521795,,,
2,6,none,C5,5,0.49602361732025435,,,
2,6,none,C10,10,0.44256625911597,,,
2,6,none,C20,20,0.3406841666129095,,,
2,6,none,C50,50,0.23290940798745247,,,
2,6,none,C100,100,0.15396380338795962,,,
2,6,none,C200,200,0.09895048828076433,,,
2,6,none,C500,500,0.030733160601236795,,,
2,6,none,C1000,1000,0.0,,,
2,7,fno,A1,1,0.03480099810552295,,,
2,7,fno,A2,2,0.03480099810552295,,,
2,7,fno,A5,5,0.0,,,
2,7,fno,A10,10,0.0,,,
2,7,fno,A20,20,0.0,,,
2,7,fno,A50,50,0.0,,,
2,7,fno,B,25,0.0,25,0.2810258575776651,
2,7,fno,curse,,,,,-0.076337078400314
2,7,g12,A1,1,0.03480099810552295,,,
2,7,g12,A2,2,0.0018274973022256447,,,
2,7,g12,A5,5,0.0,,,
2,7,g12,A10,10,0.0,,,
2,7,g12,A20,20,0.0,,,
2,7,g12,A50,50,0.0,,,
2,7,g12,B,50,0.0,0,0.18753225530540207,
2,7,g12,curse,,,,,-0.008082538671170814
2,7,pod136,A1,1,0.0018274973022256447,,,
2,7,pod136,A2,2,0.0,,,
2,7,pod136,A5,5,0.0,,,
2,7,pod136,A10,10,0.0,,,
2,7,pod136,A20,20,0.0,,,
2,7,pod136,A50,50,0.0,,,
2,7,pod136,B,40,0.0,15,0.19634270716195754,
2,7,pod136,curse,,,,,0.04499720161553089
2,7,none,C1,1,0.6928592734970891,,,
2,7,none,C2,2,0.6112839204495681,,,
2,7,none,C5,5,0.48674458705835943,,,
2,7,none,C10,10,0.4021634859838192,,,
2,7,none,C20,20,0.2944416917396787,,,
2,7,none,C50,50,0.18631115272986054,,,
2,7,none,C100,100,0.10267613743802773,,,
2,7,none,C200,200,0.03976901147047484,,,
2,7,none,C500,500,0.002989952495874448,,,
2,7,none,C1000,1000,0.0,,,
2,8,fno,A1,1,0.13193066825741062,,,
2,8,fno,A2,2,0.13193066825741062,,,
2,8,fno,A5,5,0.0,,,
2,8,fno,A10,10,0.0,,,
2,8,fno,A20,20,0.0,,,
2,8,fno,A50,50,0.0,,,
2,8,fno,B,22,0.0,28,0.2787596116020815,
2,8,fno,curse,,,,,-0.01929488650867417
2,8,g12,A1,1,0.0,,,
2,8,g12,A2,2,0.0,,,
2,8,g12,A5,5,0.0,,,
2,8,g12,A10,10,0.0,,,
2,8,g12,A20,20,0.0,,,
2,8,g12,A50,50,0.0,,,
2,8,g12,B,50,0.0,0,0.21080244863135866,
2,8,g12,curse,,,,,-0.0689825606525396
2,8,pod136,A1,1,0.29930044321848814,,,
2,8,pod136,A2,2,0.0,,,
2,8,pod136,A5,5,0.0,,,
2,8,pod136,A10,10,0.0,,,
2,8,pod136,A20,20,0.0,,,
2,8,pod136,A50,50,0.0,,,
2,8,pod136,B,41,0.0,13,0.20769746522044052,
2,8,pod136,curse,,,,,0.5630267974091476
2,8,none,C1,1,0.6835117475908637,,,
2,8,none,C2,2,0.6190216269558203,,,
2,8,none,C5,5,0.49045385377049017,,,
2,8,none,C10,10,0.39464446330359776,,,
2,8,none,C20,20,0.3136092884106507,,,
2,8,none,C50,50,0.19209957965932267,,,
2,8,none,C100,100,0.1374166065922265,,,
2,8,none,C200,200,0.08173375004829968,,,
2,8,none,C500,500,0.03218824499566887,,,
2,8,none,C1000,1000,0.0,,,
2,9,fno,A1,1,0.0013023875344732039,,,
2,9,fno,A2,2,0.0,,,
2,9,fno,A5,5,0.0,,,
2,9,fno,A10,10,0.0,,,
2,9,fno,A20,20,0.0,,,
2,9,fno,A50,50,0.0,,,
2,9,fno,B,29,0.0,21,0.24105222953690092,
2,9,fno,curse,,,,,-0.058515842060815504
2,9,g12,A1,1,0.0013023875344732039,,,
2,9,g12,A2,2,0.0013023875344732039,,,
2,9,g12,A5,5,0.0,,,
2,9,g12,A10,10,0.0,,,
2,9,g12,A20,20,0.0,,,
2,9,g12,A50,50,0.0,,,
2,9,g12,B,50,0.0,0,0.1759353095737974,
2,9,g12,curse,,,,,-0.07192926686172285
2,9,pod136,A1,1,0.0013023875344732039,,,
2,9,pod136,A2,2,0.0,,,
2,9,pod136,A5,5,0.0,,,
2,9,pod136,A10,10,0.0,,,
2,9,pod136,A20,20,0.0,,,
2,9,pod136,A50,50,0.0,,,
2,9,pod136,B,40,0.0,14,0.2180282422154914,
2,9,pod136,curse,,,,,0.06807441876976306
2,9,none,C1,1,0.6930618276320969,,,
2,9,none,C2,2,0.6282855741597715,,,
2,9,none,C5,5,0.47829064252664294,,,
2,9,none,C10,10,0.3913097078510941,,,
2,9,none,C20,20,0.2904519185703746,,,
2,9,none,C50,50,0.1809119816495398,,,
2,9,none,C100,100,0.09101643303333322,,,
2,9,none,C200,200,0.04099135559268264,,,
2,9,none,C500,500,0.008657909211579391,,,
2,9,none,C1000,1000,0.0,,,
3,0,fno,A1,1,0.10865258648148879,,,
3,0,fno,A2,2,0.0,,,
3,0,fno,A5,5,0.0,,,
3,0,fno,A10,10,0.0,,,
3,0,fno,A20,20,0.0,,,
3,0,fno,A50,50,0.0,,,
3,0,fno,B,10,0.0,42,0.43095555807099023,
3,0,fno,curse,,,,,-0.08298709755215916
3,0,g12,A1,1,0.0,,,
3,0,g12,A2,2,0.0,,,
3,0,g12,A5,5,0.0,,,
3,0,g12,A10,10,0.0,,,
3,0,g12,A20,20,0.0,,,
3,0,g12,A50,50,0.0,,,
3,0,g12,B,45,0.0,5,0.21823222800812198,
3,0,g12,curse,,,,,-0.07721701138162274
3,0,pod136,A1,1,0.7102906791604328,,,
3,0,pod136,A2,2,0.12165985943652768,,,
3,0,pod136,A5,5,0.12165985943652768,,,
3,0,pod136,A10,10,0.0,,,
3,0,pod136,A20,20,0.0,,,
3,0,pod136,A50,50,0.0,,,
3,0,pod136,B,26,0.0,29,0.28780195724188823,
3,0,pod136,curse,,,,,5.684962070132504
3,0,none,C1,1,0.7270829798579131,,,
3,0,none,C2,2,0.6573736405898234,,,
3,0,none,C5,5,0.5314655276151791,,,
3,0,none,C10,10,0.4351438561798739,,,
3,0,none,C20,20,0.3199292407415889,,,
3,0,none,C50,50,0.20458728828419523,,,
3,0,none,C100,100,0.14116340446288198,,,
3,0,none,C200,200,0.08981455676785007,,,
3,0,none,C500,500,0.037523800911097534,,,
3,0,none,C1000,1000,0.0,,,
3,1,fno,A1,1,0.0,,,
3,1,fno,A2,2,0.0,,,
3,1,fno,A5,5,0.0,,,
3,1,fno,A10,10,0.0,,,
3,1,fno,A20,20,0.0,,,
3,1,fno,A50,50,0.0,,,
3,1,fno,B,12,0.0,39,0.3985682949254198,
3,1,fno,curse,,,,,-0.23654832514822666
3,1,g12,A1,1,0.029923787964403203,,,
3,1,g12,A2,2,0.0,,,
3,1,g12,A5,5,0.0,,,
3,1,g12,A10,10,0.0,,,
3,1,g12,A20,20,0.0,,,
3,1,g12,A50,50,0.0,,,
3,1,g12,B,44,0.0,6,0.23905413711916687,
3,1,g12,curse,,,,,-0.05663135769147831
3,1,pod136,A1,1,0.07898581957722883,,,
3,1,pod136,A2,2,0.07898581957722883,,,
3,1,pod136,A5,5,0.07898581957722883,,,
3,1,pod136,A10,10,0.0,,,
3,1,pod136,A20,20,0.0,,,
3,1,pod136,A50,50,0.0,,,
3,1,pod136,B,26,0.0,27,0.2747351833985978,
3,1,pod136,curse,,,,,0.920697293639565
3,1,none,C1,1,0.7337434082453049,,,
3,1,none,C2,2,0.6428150129566765,,,
3,1,none,C5,5,0.5210741740995956,,,
3,1,none,C10,10,0.4052510591127247,,,
3,1,none,C20,20,0.3127444474514416,,,
3,1,none,C50,50,0.20453599447003867,,,
3,1,none,C100,100,0.12578736041246763,,,
3,1,none,C200,200,0.050563790488169696,,,
3,1,none,C500,500,0.016517314286934436,,,
3,1,none,C1000,1000,0.0,,,
3,2,fno,A1,1,0.16302423803083976,,,
3,2,fno,A2,2,0.15364686226316204,,,
3,2,fno,A5,5,0.10910485323095886,,,
3,2,fno,A10,10,0.0,,,
3,2,fno,A20,20,0.0,,,
3,2,fno,A50,50,0.0,,,
3,2,fno,B,11,0.0,39,0.45794115183695894,
3,2,fno,curse,,,,,-0.1513265871018139
3,2,g12,A1,1,0.0,,,
3,2,g12,A2,2,0.0,,,
3,2,g12,A5,5,0.0,,,
3,2,g12,A10,10,0.0,,,
3,2,g12,A20,20,0.0,,,
3,2,g12,A50,50,0.0,,,
3,2,g12,B,44,0.0,6,0.2752098203633018,
3,2,g12,curse,,,,,-0.03336703286698717
3,2,pod136,A1,1,0.3849408314659887,,,
3,2,pod136,A2,2,0.3849408314659887,,,
3,2,pod136,A5,5,0.0,,,
3,2,pod136,A10,10,0.0,,,
3,2,pod136,A20,20,0.0,,,
3,2,pod136,A50,50,0.0,,,
3,2,pod136,B,29,0.0,24,0.33980477195209036,
3,2,pod136,curse,,,,,2.340348960336322
3,2,none,C1,1,0.751993708363969,,,
3,2,none,C2,2,0.6888877051943096,,,
3,2,none,C5,5,0.5645665407808528,,,
3,2,none,C10,10,0.46597811338845946,,,
3,2,none,C20,20,0.3797522978982552,,,
3,2,none,C50,50,0.2643645328600091,,,
3,2,none,C100,100,0.18934887435934922,,,
3,2,none,C200,200,0.1260572355325951,,,
3,2,none,C500,500,0.06076682372441421,,,
3,2,none,C1000,1000,0.0,,,
3,3,fno,A1,1,0.1881390689078375,,,
3,3,fno,A2,2,0.1881390689078375,,,
3,3,fno,A5,5,0.028090775461106277,,,
3,3,fno,A10,10,0.028090775461106277,,,
3,3,fno,A20,20,0.028090775461106277,,,
3,3,fno,A50,50,0.0,,,
3,3,fno,B,13,0.1656330558732586,40,0.40184098095825815,
3,3,fno,curse,,,,,0.049512876135727524
3,3,g12,A1,1,0.0,,,
3,3,g12,A2,2,0.0,,,
3,3,g12,A5,5,0.0,,,
3,3,g12,A10,10,0.0,,,
3,3,g12,A20,20,0.0,,,
3,3,g12,A50,50,0.0,,,
3,3,g12,B,37,0.0,13,0.27709193180155234,
3,3,g12,curse,,,,,-0.04498602830575926
3,3,pod136,A1,1,0.0,,,
3,3,pod136,A2,2,0.0,,,
3,3,pod136,A5,5,0.0,,,
3,3,pod136,A10,10,0.0,,,
3,3,pod136,A20,20,0.0,,,
3,3,pod136,A50,50,0.0,,,
3,3,pod136,B,21,0.0,33,0.32999672460428725,
3,3,pod136,curse,,,,,0.6533662082308889
3,3,none,C1,1,0.7303545325844687,,,
3,3,none,C2,2,0.6581549775572262,,,
3,3,none,C5,5,0.5373962400653305,,,
3,3,none,C10,10,0.41123760017451666,,,
3,3,none,C20,20,0.3428527856409174,,,
3,3,none,C50,50,0.23059917027601057,,,
3,3,none,C100,100,0.14779934629869884,,,
3,3,none,C200,200,0.10214657049502264,,,
3,3,none,C500,500,0.028376439459846078,,,
3,3,none,C1000,1000,0.0,,,
3,4,fno,A1,1,0.18818123492454775,,,
3,4,fno,A2,2,0.18818123492454775,,,
3,4,fno,A5,5,0.018069108383856003,,,
3,4,fno,A10,10,0.018069108383856003,,,
3,4,fno,A20,20,0.01665569133461442,,,
3,4,fno,A50,50,0.0,,,
3,4,fno,B,14,0.0,36,0.38187938659306764,
3,4,fno,curse,,,,,-0.0250122877328961
3,4,g12,A1,1,0.01665569133461442,,,
3,4,g12,A2,2,0.0,,,
3,4,g12,A5,5,0.0,,,
3,4,g12,A10,10,0.0,,,
3,4,g12,A20,20,0.0,,,
3,4,g12,A50,50,0.0,,,
3,4,g12,B,40,0.0,10,0.2570022666244348,
3,4,g12,curse,,,,,-0.11700582009946392
3,4,pod136,A1,1,0.48948624573849375,,,
3,4,pod136,A2,2,0.48948624573849375,,,
3,4,pod136,A5,5,0.0,,,
3,4,pod136,A10,10,0.0,,,
3,4,pod136,A20,20,0.0,,,
3,4,pod136,A50,50,0.0,,,
3,4,pod136,B,27,0.0,27,0.3157348692188007,
3,4,pod136,curse,,,,,1.6533395862540017
3,4,none,C1,1,0.7417599733711713,,,
3,4,none,C2,2,0.660571717326691,,,
3,4,none,C5,5,0.5347703228016278,,,
3,4,none,C10,10,0.46131326533603784,,,
3,4,none,C20,20,0.3583743350690852,,,
3,4,none,C50,50,0.22265258042602912,,,
3,4,none,C100,100,0.14747848841289465,,,
3,4,none,C200,200,0.08171352896831496,,,
3,4,none,C500,500,0.01878314287862989,,,
3,4,none,C1000,1000,0.0,,,
3,5,fno,A1,1,0.16163863747937124,,,
3,5,fno,A2,2,0.06554069910571769,,,
3,5,fno,A5,5,0.06483168926524774,,,
3,5,fno,A10,10,0.06483168926524774,,,
3,5,fno,A20,20,0.0,,,
3,5,fno,A50,50,0.0,,,
3,5,fno,B,8,0.0,44,0.43579406569703527,
3,5,fno,curse,,,,,-0.06207560794011213
3,5,g12,A1,1,0.04553862323839131,,,
3,5,g12,A2,2,0.0,,,
3,5,g12,A5,5,0.0,,,
3,5,g12,A10,10,0.0,,,
3,5,g12,A20,20,0.0,,,
3,5,g12,A50,50,0.0,,,
3,5,g12,B,35,0.0,15,0.28188687621904623,
3,5,g12,curse,,,,,-0.051031787195156664
3,5,pod136,A1,1,0.0812263160913631,,,
3,5,pod136,A2,2,0.0812263160913631,,,
3,5,pod136,A5,5,0.0812263160913631,,,
3,5,pod136,A10,10,0.06554069910571769,,,
3,5,pod136,A20,20,0.0,,,
3,5,pod136,A50,50,0.0,,,
3,5,pod136,B,35,0.0,18,0.2807574467469887,
3,5,pod136,curse,,,,,3.2728733109770722
3,5,none,C1,1,0.7164083695674452,,,
3,5,none,C2,2,0.6265852303948608,,,
3,5,none,C5,5,0.5051556165754095,,,
3,5,none,C10,10,0.410090322436707,,,
3,5,none,C20,20,0.3422872962571485,,,
3,5,none,C50,50,0.2328914800447343,,,
3,5,none,C100,100,0.1583925740338951,,,
3,5,none,C200,200,0.09539046268082242,,,
3,5,none,C500,500,0.03163693013299663,,,
3,5,none,C1000,1000,0.0,,,
3,6,fno,A1,1,0.0,,,
3,6,fno,A2,2,0.0,,,
3,6,fno,A5,5,0.0,,,
3,6,fno,A10,10,0.0,,,
3,6,fno,A20,20,0.0,,,
3,6,fno,A50,50,0.0,,,
3,6,fno,B,13,0.0,37,0.46116953930306154,
3,6,fno,curse,,,,,-0.2714156777899549
3,6,g12,A1,1,0.05847458755206203,,,
3,6,g12,A2,2,0.0,,,
3,6,g12,A5,5,0.0,,,
3,6,g12,A10,10,0.0,,,
3,6,g12,A20,20,0.0,,,
3,6,g12,A50,50,0.0,,,
3,6,g12,B,40,0.0,10,0.32079064937209023,
3,6,g12,curse,,,,,-0.07945964914824821
3,6,pod136,A1,1,0.7988977016250498,,,
3,6,pod136,A2,2,0.0,,,
3,6,pod136,A5,5,0.0,,,
3,6,pod136,A10,10,0.0,,,
3,6,pod136,A20,20,0.0,,,
3,6,pod136,A50,50,0.0,,,
3,6,pod136,B,26,0.0,28,0.37220218022380047,
3,6,pod136,curse,,,,,6.014093482750126
3,6,none,C1,1,0.7369367881662279,,,
3,6,none,C2,2,0.6774718328445324,,,
3,6,none,C5,5,0.5670586189114083,,,
3,6,none,C10,10,0.46594733508344705,,,
3,6,none,C20,20,0.41763386773547834,,,
3,6,none,C50,50,0.30261279197395796,,,
3,6,none,C100,100,0.22438902540973424,,,
3,6,none,C200,200,0.14381350205672683,,,
3,6,none,C500,500,0.058426589238276164,,,
3,6,none,C1000,1000,0.0,,,
3,7,fno,A1,1,0.10280751767299656,,,
3,7,fno,A2,2,0.10280751767299656,,,
3,7,fno,A5,5,0.08967743276767337,,,
3,7,fno,A10,10,0.0,,,
3,7,fno,A20,20,0.0,,,
3,7,fno,A50,50,0.0,,,
3,7,fno,B,8,0.0,43,0.4534342997190057,
3,7,fno,curse,,,,,-0.14522883526845498
3,7,g12,A1,1,0.0,,,
3,7,g12,A2,2,0.0,,,
3,7,g12,A5,5,0.0,,,
3,7,g12,A10,10,0.0,,,
3,7,g12,A20,20,0.0,,,
3,7,g12,A50,50,0.0,,,
3,7,g12,B,38,0.0,12,0.27069028669454936,
3,7,g12,curse,,,,,-0.09340592631514266
3,7,pod136,A1,1,0.5722151270778201,,,
3,7,pod136,A2,2,0.0,,,
3,7,pod136,A5,5,0.0,,,
3,7,pod136,A10,10,0.0,,,
3,7,pod136,A20,20,0.0,,,
3,7,pod136,A50,50,0.0,,,
3,7,pod136,B,25,0.0,27,0.3360385633566551,
3,7,pod136,curse,,,,,2.082182763366287
3,7,none,C1,1,0.7297085369156345,,,
3,7,none,C2,2,0.6519199637060236,,,
3,7,none,C5,5,0.5125899887468054,,,
3,7,none,C10,10,0.4373115582307983,,,
3,7,none,C20,20,0.33179612139681586,,,
3,7,none,C50,50,0.21570080646928638,,,
3,7,none,C100,100,0.1576952139612127,,,
3,7,none,C200,200,0.09705324358698653,,,
3,7,none,C500,500,0.035662177630500155,,,
3,7,none,C1000,1000,0.0,,,
3,8,fno,A1,1,0.0966825885587046,,,
3,8,fno,A2,2,0.0,,,
3,8,fno,A5,5,0.0,,,
3,8,fno,A10,10,0.0,,,
3,8,fno,A20,20,0.0,,,
3,8,fno,A50,50,0.0,,,
3,8,fno,B,7,0.031749668819702426,43,0.4895283910854391,
3,8,fno,curse,,,,,-0.1727455082288003
3,8,g12,A1,1,0.0,,,
3,8,g12,A2,2,0.0,,,
3,8,g12,A5,5,0.0,,,
3,8,g12,A10,10,0.0,,,
3,8,g12,A20,20,0.0,,,
3,8,g12,A50,50,0.0,,,
3,8,g12,B,48,0.0,2,0.23076668324934205,
3,8,g12,curse,,,,,-0.07367854100415072
3,8,pod136,A1,1,0.3732833012279376,,,
3,8,pod136,A2,2,0.031749668819702426,,,
3,8,pod136,A5,5,0.0,,,
3,8,pod136,A10,10,0.0,,,
3,8,pod136,A20,20,0.0,,,
3,8,pod136,A50,50,0.0,,,
3,8,pod136,B,24,0.0,30,0.3004946630566066,
3,8,pod136,curse,,,,,4.212055903097665
3,8,none,C1,1,0.7105770266492948,,,
3,8,none,C2,2,0.6527633360455384,,,
3,8,none,C5,5,0.5365175602022373,,,
3,8,none,C10,10,0.41230924432727306,,,
3,8,none,C20,20,0.34532728918008565,,,
3,8,none,C50,50,0.2340763538441221,,,
3,8,none,C100,100,0.15288085655936767,,,
3,8,none,C200,200,0.09102254027091955,,,
3,8,none,C500,500,0.02767512613035467,,,
3,8,none,C1000,1000,0.0,,,
3,9,fno,A1,1,0.1666823334768669,,,
3,9,fno,A2,2,0.1666823334768669,,,
3,9,fno,A5,5,0.0,,,
3,9,fno,A10,10,0.0,,,
3,9,fno,A20,20,0.0,,,
3,9,fno,A50,50,0.0,,,
3,9,fno,B,10,0.0,41,0.44230670788521986,
3,9,fno,curse,,,,,-0.11381202365319987
3,9,g12,A1,1,0.0,,,
3,9,g12,A2,2,0.0,,,
3,9,g12,A5,5,0.0,,,
3,9,g12,A10,10,0.0,,,
3,9,g12,A20,20,0.0,,,
3,9,g12,A50,50,0.0,,,
3,9,g12,B,43,0.0,7,0.26647797097022663,
3,9,g12,curse,,,,,-0.08520959246732918
3,9,pod136,A1,1,0.24351703525157742,,,
3,9,pod136,A2,2,0.24351703525157742,,,
3,9,pod136,A5,5,0.24351703525157742,,,
3,9,pod136,A10,10,0.0,,,
3,9,pod136,A20,20,0.0,,,
3,9,pod136,A50,50,0.0,,,
3,9,pod136,B,28,0.0,25,0.31359910609597397,
3,9,pod136,curse,,,,,3.9238550084748436
3,9,none,C1,1,0.7301838990334815,,,
3,9,none,C2,2,0.6819461934533123,,,
3,9,none,C5,5,0.5502123867530064,,,
3,9,none,C10,10,0.45518936716299885,,,
3,9,none,C20,20,0.35962290223727783,,,
3,9,none,C50,50,0.24493291516210952,,,
3,9,none,C100,100,0.17705706288281942,,,
3,9,none,C200,200,0.11169545507714736,,,
3,9,none,C500,500,0.03509017661214821,,,
3,9,none,C1000,1000,0.0,,,
4,0,fno,A1,1,0.059485130779115325,,,
4,0,fno,A2,2,0.059485130779115325,,,
4,0,fno,A5,5,0.0,,,
4,0,fno,A10,10,0.0,,,
4,0,fno,A20,20,0.0,,,
4,0,fno,A50,50,0.0,,,
4,0,fno,B,38,0.0,15,0.1824427191740982,
4,0,fno,curse,,,,,0.07308827691131148
4,0,g12,A1,1,0.0,,,
4,0,g12,A2,2,0.0,,,
4,0,g12,A5,5,0.0,,,
4,0,g12,A10,10,0.0,,,
4,0,g12,A20,20,0.0,,,
4,0,g12,A50,50,0.0,,,
4,0,g12,B,7,0.0,45,0.3920254779695881,
4,0,g12,curse,,,,,-0.138487548616679
4,0,pod136,A1,1,0.6390036481822509,,,
4,0,pod136,A2,2,0.4716966627659015,,,
4,0,pod136,A5,5,0.0,,,
4,0,pod136,A10,10,0.0,,,
4,0,pod136,A20,20,0.0,,,
4,0,pod136,A50,50,0.0,,,
4,0,pod136,B,38,0.0,12,0.1834960471474914,
4,0,pod136,curse,,,,,2.242501810979135
4,0,none,C1,1,0.6771450994654292,,,
4,0,none,C2,2,0.5922562440980863,,,
4,0,none,C5,5,0.4505631235223895,,,
4,0,none,C10,10,0.3284833210800545,,,
4,0,none,C20,20,0.25001874032962546,,,
4,0,none,C50,50,0.16222503948823908,,,
4,0,none,C100,100,0.11287933995667583,,,
4,0,none,C200,200,0.0742349808777182,,,
4,0,none,C500,500,0.03738162326991674,,,
4,0,none,C1000,1000,0.0,,,
4,1,fno,A1,1,0.052298276570386326,,,
4,1,fno,A2,2,0.011718890166890983,,,
4,1,fno,A5,5,0.011718890166890983,,,
4,1,fno,A10,10,0.0,,,
4,1,fno,A20,20,0.0,,,
4,1,fno,A50,50,0.0,,,
4,1,fno,B,34,0.0,17,0.17503804470963943,
4,1,fno,curse,,,,,0.14963687598212672
4,1,g12,A1,1,0.015157651628117552,,,
4,1,g12,A2,2,0.015157651628117552,,,
4,1,g12,A5,5,0.011718890166890983,,,
4,1,g12,A10,10,0.0,,,
4,1,g12,A20,20,0.0,,,
4,1,g12,A50,50,0.0,,,
4,1,g12,B,11,0.011718890166890983,43,0.3139223571195158,
4,1,g12,curse,,,,,-0.08573521080108915
4,1,pod136,A1,1,0.5289726255984846,,,
4,1,pod136,A2,2,0.5289726255984846,,,
4,1,pod136,A5,5,0.05171716540605564,,,
4,1,pod136,A10,10,0.01649787665714575,,,
4,1,pod136,A20,20,0.0,,,
4,1,pod136,A50,50,0.0,,,
4,1,pod136,B,33,0.0,18,0.18569718110658875,
4,1,pod136,curse,,,,,2.8141680894812273
4,1,none,C1,1,0.6930544340368692,,,
4,1,none,C2,2,0.5941823197475813,,,
4,1,none,C5,5,0.4512243027384388,,,
4,1,none,C10,10,0.3469302498105712,,,
4,1,none,C20,20,0.22237448421347794,,,
4,1,none,C50,50,0.11255310760407011,,,
4,1,none,C100,100,0.0715368177840098,,,
4,1,none,C200,200,0.027953259001778728,,,
4,1,none,C500,500,0.0077148868011575784,,,
4,1,none,C1000,1000,0.0,,,
4,2,fno,A1,1,0.030706872213181025,,,
4,2,fno,A2,2,0.005415784421220815,,,
4,2,fno,A5,5,0.0,,,
4,2,fno,A10,10,0.0,,,
4,2,fno,A20,20,0.0,,,
4,2,fno,A50,50,0.0,,,
4,2,fno,B,27,0.0,23,0.17713561098959765,
4,2,fno,curse,,,,,0.11166424479769121
4,2,g12,A1,1,0.025321075647634528,,,
4,2,g12,A2,2,0.024016750730073366,,,
4,2,g12,A5,5,0.0,,,
4,2,g12,A10,10,0.0,,,
4,2,g12,A20,20,0.0,,,
4,2,g12,A50,50,0.0,,,
4,2,g12,B,7,0.0,47,0.35441315906042403,
4,2,g12,curse,,,,,-0.08943344484098537
4,2,pod136,A1,1,0.39075794935011066,,,
4,2,pod136,A2,2,0.39075794935011066,,,
4,2,pod136,A5,5,0.39075794935011066,,,
4,2,pod136,A10,10,0.0,,,
4,2,pod136,A20,20,0.0,,,
4,2,pod136,A50,50,0.0,,,
4,2,pod136,B,38,0.0,13,0.1571188778258394,
4,2,pod136,curse,,,,,1.1367736065187537
4,2,none,C1,1,0.6440734120943569,,,
4,2,none,C2,2,0.5726132686715311,,,
4,2,none,C5,5,0.41289472725030213,,,
4,2,none,C10,10,0.3166212159022932,,,
4,2,none,C20,20,0.2228430430783932,,,
4,2,none,C50,50,0.1320197801106269,,,
4,2,none,C100,100,0.07118088452135224,,,
4,2,none,C200,200,0.03481292961805091,,,
4,2,none,C500,500,0.006544162584929907,,,
4,2,none,C1000,1000,0.0,,,
4,3,fno,A1,1,0.08402851730711591,,,
4,3,fno,A2,2,0.05690091458832236,,,
4,3,fno,A5,5,0.039314009942371,,,
4,3,fno,A10,10,0.0,,,
4,3,fno,A20,20,0.0,,,
4,3,fno,A50,50,0.0,,,
4,3,fno,B,39,0.0,13,0.1466402897907641,
4,3,fno,curse,,,,,0.13975255132521536
4,3,g12,A1,1,0.0,,,
4,3,g12,A2,2,0.0,,,
4,3,g12,A5,5,0.0,,,
4,3,g12,A10,10,0.0,,,
4,3,g12,A20,20,0.0,,,
4,3,g12,A50,50,0.0,,,
4,3,g12,B,11,0.0,44,0.3105857464698438,
4,3,g12,curse,,,,,-0.1001086053348531
4,3,pod136,A1,1,0.559979686771288,,,
4,3,pod136,A2,2,0.559979686771288,,,
4,3,pod136,A5,5,0.04101615246915291,,,
4,3,pod136,A10,10,0.0,,,
4,3,pod136,A20,20,0.0,,,
4,3,pod136,A50,50,0.0,,,
4,3,pod136,B,34,0.0,20,0.1610949152309322,
4,3,pod136,curse,,,,,2.3646053659869932
4,3,none,C1,1,0.6717155942697451,,,
4,3,none,C2,2,0.5611263068613404,,,
4,3,none,C5,5,0.43837454418843724,,,
4,3,none,C10,10,0.31064874595970804,,,
4,3,none,C20,20,0.20777503742480935,,,
4,3,none,C50,50,0.12819749883010662,,,
4,3,none,C100,100,0.08641223988360287,,,
4,3,none,C200,200,0.0500430994055138,,,
4,3,none,C500,500,0.02195219440852887,,,
4,3,none,C1000,1000,0.0,,,
4,4,fno,A1,1,0.006586681430326369,,,
4,4,fno,A2,2,0.0,,,
4,4,fno,A5,5,0.0,,,
4,4,fno,A10,10,0.0,,,
4,4,fno,A20,20,0.0,,,
4,4,fno,A50,50,0.0,,,
4,4,fno,B,32,0.0,19,0.1797434309135179,
4,4,fno,curse,,,,,0.13412258024466506
4,4,g12,A1,1,0.006586681430326369,,,
4,4,g12,A2,2,0.0,,,
4,4,g12,A5,5,0.0,,,
4,4,g12,A10,10,0.0,,,
4,4,g12,A20,20,0.0,,,
4,4,g12,A50,50,0.0,,,
4,4,g12,B,10,0.0,44,0.29359150231323916,
4,4,g12,curse,,,,,-0.11359391892873905
4,4,pod136,A1,1,0.5159314588347311,,,
4,4,pod136,A2,2,0.5159314588347311,,,
4,4,pod136,A5,5,0.02387731911963109,,,
4,4,pod136,A10,10,0.0,,,
4,4,pod136,A20,20,0.0,,,
4,4,pod136,A50,50,0.0,,,
4,4,pod136,B,35,0.0,17,0.15604129569021827,
4,4,pod136,curse,,,,,3.3561317366800907
4,4,none,C1,1,0.6651611157590018,,,
4,4,none,C2,2,0.5557876620906593,,,
4,4,none,C5,5,0.38816449608245407,,,
4,4,none,C10,10,0.3000288255523494,,,
4,4,none,C20,20,0.21370786530906535,,,
4,4,none,C50,50,0.1379874614301078,,,
4,4,none,C100,100,0.08394571110312878,,,
4,4,none,C200,200,0.04220419278152477,,,
4,4,none,C500,500,0.011870410208954027,,,
4,4,none,C1000,1000,0.0,,,
4,5,fno,A1,1,0.0028200702041538683,,,
4,5,fno,A2,2,0.0028200702041538683,,,
4,5,fno,A5,5,0.0,,,
4,5,fno,A10,10,0.0,,,
4,5,fno,A20,20,0.0,,,
4,5,fno,A50,50,0.0,,,
4,5,fno,B,32,0.0,18,0.17151423665484267,
4,5,fno,curse,,,,,0.1003310242233193
4,5,g12,A1,1,0.0006919762737228607,,,
4,5,g12,A2,2,0.0,,,
4,5,g12,A5,5,0.0,,,
4,5,g12,A10,10,0.0,,,
4,5,g12,A20,20,0.0,,,
4,5,g12,A50,50,0.0,,,
4,5,g12,B,8,0.0,47,0.35295252654741893,
4,5,g12,curse,,,,,-0.08798158128047862
4,5,pod136,A1,1,0.5515335673786049,,,
4,5,pod136,A2,2,0.4030630339462631,,,
4,5,pod136,A5,5,0.4030630339462631,,,
4,5,pod136,A10,10,0.0,,,
4,5,pod136,A20,20,0.0,,,
4,5,pod136,A50,50,0.0,,,
4,5,pod136,B,40,0.0,11,0.14634169487848098,
4,5,pod136,curse,,,,,2.5075479070878064
4,5,none,C1,1,0.6697617487690241,,,
4,5,none,C2,2,0.5364674472947024,,,
4,5,none,C5,5,0.4282487360756002,,,
4,5,none,C10,10,0.3045030321974056,,,
4,5,none,C20,20,0.23077700312812507,,,
4,5,none,C50,50,0.12978005354846645,,,
4,5,none,C100,100,0.06920908414159335,,,
4,5,none,C200,200,0.03633970925294044,,,
4,5,none,C500,500,0.0055527050946969966,,,
4,5,none,C1000,1000,0.0,,,
4,6,fno,A1,1,0.0,,,
4,6,fno,A2,2,0.0,,,
4,6,fno,A5,5,0.0,,,
4,6,fno,A10,10,0.0,,,
4,6,fno,A20,20,0.0,,,
4,6,fno,A50,50,0.0,,,
4,6,fno,B,33,0.0,18,0.1720797830764929,
4,6,fno,curse,,,,,0.15246767145878404
4,6,g12,A1,1,0.0,,,
4,6,g12,A2,2,0.0,,,
4,6,g12,A5,5,0.0,,,
4,6,g12,A10,10,0.0,,,
4,6,g12,A20,20,0.0,,,
4,6,g12,A50,50,0.0,,,
4,6,g12,B,12,0.0,40,0.2890378070863086,
4,6,g12,curse,,,,,-0.10476615781857335
4,6,pod136,A1,1,0.5792861800075502,,,
4,6,pod136,A2,2,0.04165964647987519,,,
4,6,pod136,A5,5,0.04165964647987519,,,
4,6,pod136,A10,10,0.01796821345973776,,,
4,6,pod136,A20,20,0.0,,,
4,6,pod136,A50,50,0.0,,,
4,6,pod136,B,37,0.0,14,0.1505672003642852,
4,6,pod136,curse,,,,,2.6768637513431135
4,6,none,C1,1,0.7022535049253446,,,
4,6,none,C2,2,0.5594662290112319,,,
4,6,none,C5,5,0.41623274152953793,,,
4,6,none,C10,10,0.3040158588592363,,,
4,6,none,C20,20,0.20988677287903584,,,
4,6,none,C50,50,0.1404776914978971,,,
4,6,none,C100,100,0.08450639721058578,,,
4,6,none,C200,200,0.04716621622096207,,,
4,6,none,C500,500,0.013894790352427903,,,
4,6,none,C1000,1000,0.0,,,
4,7,fno,A1,1,0.048918533965662814,,,
4,7,fno,A2,2,0.0032359139448747687,,,
4,7,fno,A5,5,0.0032359139448747687,,,
4,7,fno,A10,10,0.0,,,
4,7,fno,A20,20,0.0,,,
4,7,fno,A50,50,0.0,,,
4,7,fno,B,35,0.0,15,0.14141271602705152,
4,7,fno,curse,,,,,0.11514180718947475
4,7,g12,A1,1,0.0032359139448747687,,,
4,7,g12,A2,2,0.0,,,
4,7,g12,A5,5,0.0,,,
4,7,g12,A10,10,0.0,,,
4,7,g12,A20,20,0.0,,,
4,7,g12,A50,50,0.0,,,
4,7,g12,B,6,0.0,49,0.3609968559350293,
4,7,g12,curse,,,,,-0.11913688383907728
4,7,pod136,A1,1,0.07665124048790717,,,
4,7,pod136,A2,2,0.07665124048790717,,,
4,7,pod136,A5,5,0.048918533965662814,,,
4,7,pod136,A10,10,0.025276940237271783,,,
4,7,pod136,A20,20,0.0032359139448747687,,,
4,7,pod136,A50,50,0.0,,,
4,7,pod136,B,38,0.0,13,0.1474298797502666,
4,7,pod136,curse,,,,,0.27987599507988614
4,7,none,C1,1,0.6322804059030919,,,
4,7,none,C2,2,0.5825541906467311,,,
4,7,none,C5,5,0.40247641339186957,,,
4,7,none,C10,10,0.2923736663895623,,,
4,7,none,C20,20,0.2064673704795041,,,
4,7,none,C50,50,0.11390393501774518,,,
4,7,none,C100,100,0.06891288284490807,,,
4,7,none,C200,200,0.03643348051086012,,,
4,7,none,C500,500,0.009876616959388884,,,
4,7,none,C1000,1000,0.0,,,
4,8,fno,A1,1,0.04713420971771887,,,
4,8,fno,A2,2,0.0,,,
4,8,fno,A5,5,0.0,,,
4,8,fno,A10,10,0.0,,,
4,8,fno,A20,20,0.0,,,
4,8,fno,A50,50,0.0,,,
4,8,fno,B,33,0.0,19,0.17535640061516353,
4,8,fno,curse,,,,,0.08077833434614679
4,8,g12,A1,1,0.03635132605450353,,,
4,8,g12,A2,2,0.0,,,
4,8,g12,A5,5,0.0,,,
4,8,g12,A10,10,0.0,,,
4,8,g12,A20,20,0.0,,,
4,8,g12,A50,50,0.0,,,
4,8,g12,B,11,0.0,44,0.30944302368956705,
4,8,g12,curse,,,,,-0.0837782612523712
4,8,pod136,A1,1,0.392873073003005,,,
4,8,pod136,A2,2,0.392873073003005,,,
4,8,pod136,A5,5,0.06296380682386538,,,
4,8,pod136,A10,10,0.06296380682386538,,,
4,8,pod136,A20,20,0.0,,,
4,8,pod136,A50,50,0.0,,,
4,8,pod136,B,42,0.0,12,0.16959728321516593,
4,8,pod136,curse,,,,,0.8535778975235861
4,8,none,C1,1,0.672819603014032,,,
4,8,none,C2,2,0.5723692717922304,,,
4,8,none,C5,5,0.4322119440155518,,,
4,8,none,C10,10,0.3061634907604392,,,
4,8,none,C20,20,0.25293068443311223,,,
4,8,none,C50,50,0.14360957622371426,,,
4,8,none,C100,100,0.08870717783490845,,,
4,8,none,C200,200,0.05835832639284099,,,
4,8,none,C500,500,0.023577729656859888,,,
4,8,none,C1000,1000,0.0,,,
4,9,fno,A1,1,0.03439154108874132,,,
4,9,fno,A2,2,0.0,,,
4,9,fno,A5,5,0.0,,,
4,9,fno,A10,10,0.0,,,
4,9,fno,A20,20,0.0,,,
4,9,fno,A50,50,0.0,,,
4,9,fno,B,36,0.0,16,0.18417949315191673,
4,9,fno,curse,,,,,0.08346658767216075
4,9,g12,A1,1,0.0,,,
4,9,g12,A2,2,0.0,,,
4,9,g12,A5,5,0.0,,,
4,9,g12,A10,10,0.0,,,
4,9,g12,A20,20,0.0,,,
4,9,g12,A50,50,0.0,,,
4,9,g12,B,12,0.0,42,0.3035895189234043,
4,9,g12,curse,,,,,-0.1130390298931434
4,9,pod136,A1,1,0.49970335502358365,,,
4,9,pod136,A2,2,0.44052681808055694,,,
4,9,pod136,A5,5,0.08507337000699644,,,
4,9,pod136,A10,10,0.08507337000699644,,,
4,9,pod136,A20,20,0.0,,,
4,9,pod136,A50,50,0.0,,,
4,9,pod136,B,36,0.0,18,0.1756987154005782,
4,9,pod136,curse,,,,,1.9792904912593752
4,9,none,C1,1,0.6962286173436351,,,
4,9,none,C2,2,0.5748794464797226,,,
4,9,none,C5,5,0.4284295638632238,,,
4,9,none,C10,10,0.33985114349686624,,,
4,9,none,C20,20,0.24150907771207095,,,
4,9,none,C50,50,0.16482680905907723,,,
4,9,none,C100,100,0.10616826040024417,,,
4,9,none,C200,200,0.05535579195848642,,,
4,9,none,C500,500,0.015698775937915504,,,
4,9,none,C1000,1000,0.0,,,
