repeat,surrogate,predict_ms,eps_median,spearman_D,cov_D_a0.1,spearman_M,cov_M_a0.1,spearman_2,cov_2_a0.1,cov_naive_D,qhat_a0.1,cov_a0.1,accept_a0.1_t0.02,falseaccept_a0.1_t0.02,accept_a0.1_t0.05,falseaccept_a0.1_t0.05,accept_a0.1_t0.1,falseaccept_a0.1_t0.1,accept_a0.1_t0.2,falseaccept_a0.1_t0.2,qhat_a0.05,cov_a0.05,accept_a0.05_t0.02,falseaccept_a0.05_t0.02,accept_a0.05_t0.05,falseaccept_a0.05_t0.05,accept_a0.05_t0.1,falseaccept_a0.05_t0.1,accept_a0.05_t0.2,falseaccept_a0.05_t0.2,cov_sel_a0.1,falseaccept_sel_t0.1,accept_sel_t0.1,fom_bias_all,fom_bias_sel,cov_sel_recal_a0.1,topk_calls,topk_true_fom_ratio,cov_bin_0.2_0.3,cov_bin_0.3_0.4,cov_bin_0.4_0.5,cov_bin_0.5_0.6
0,fno_n100,4.072276504302863,0.23003804522909316,0.5271961191961192,0.897,0.5778869058869059,0.896,0.351993735993736,0.904,1.0,0.009657665801966983,0.897,0.0,0.0,0.0,0.0,0.0,0.0,0.063,0.014,0.010969533306244858,0.953,0.0,0.0,0.0,0.0,0.0,0.0,0.028,0.003,0.94,0.0,0.0,0.11912088581441342,-0.049737746396215636,0.89,10,0.9108901921941027,1.0,0.9861751152073732,0.8905109489051095,0.7265625
0,c1_r2_n100,4.1424820010433905,0.6932200080550801,0.8773995613995615,0.881,0.8645052125052126,0.908,0.8951788391788393,0.914,1.0,0.13646463471340767,0.881,0.0,0.0,0.0,0.0,0.0,0.0,0.0,0.0,0.15019310054790327,0.936,0.0,0.0,0.0,0.0,0.0,0.0,0.0,0.0,0.91,0.0,0.0,0.4010060415379983,1.0982590829451953,0.84,10,0.5632098218987284,0.8814229249011858,0.9032258064516129,0.8686131386861314,0.875
0,c1_r3_n100,16.507611006090883,0.33138063578816734,0.5503896703896705,0.9,0.4682119442119442,0.912,0.6250943410943411,0.919,1.0,0.19013782179053568,0.9,0.0,0.0,0.0,0.0,0.0,0.0,0.001,0.001,0.20824596940986967,0.95,0.0,0.0,0.0,0.0,0.0,0.0,0.001,0.001,0.91,0.0,0.0,0.025000917100317623,-0.16331148300363932,0.89,10,0.977338088162453,0.8695652173913043,0.9216589861751152,0.8832116788321168,0.9296875
0,fno_n400,4.179045499768108,0.14761395282855563,0.6042424362424363,0.877,0.6191547911547912,0.883,0.48898284898284905,0.881,1.0,0.006611155672388293,0.877,0.0,0.0,0.0,0.0,0.024,0.012,0.427,0.016,0.007325857322993063,0.942,0.0,0.0,0.0,0.0,0.008,0.006,0.346,0.009,0.96,0.0,0.0,0.0365353942395816,-0.05831445672332686,0.91,10,0.9941985992919382,0.9920948616600791,0.9769585253456221,0.8795620437956204,0.67578125
0,c1_r2_n400,4.178985996986739,0.7354953344226929,0.9177751617751619,0.89,0.9061142101142102,0.919,0.9276965916965917,0.913,1.0,0.12005554850559223,0.89,0.0,0.0,0.0,0.0,0.0,0.0,0.0,0.0,0.13231286553749588,0.949,0.0,0.0,0.0,0.0,0.0,0.0,0.0,0.0,0.93,0.0,0.0,1.155998515311001,7.591589306259254,0.87,10,0.3191739709337326,0.8656126482213439,0.8894009216589862,0.8795620437956204,0.92578125
0,c1_r3_n400,15.96374549990287,0.3394394870997739,0.5460864180864181,0.908,0.4697082737082737,0.919,0.6336113016113016,0.919,1.0,0.17473871595157417,0.908,0.0,0.0,0.0,0.0,0.0,0.0,0.001,0.001,0.19157877676723423,0.958,0.0,0.0,0.0,0.0,0.0,0.0,0.001,0.001,0.89,0.0,0.0,0.027231719631903656,-0.1617857659210814,0.89,10,0.977338088162453,0.857707509881423,0.8847926267281107,0.9197080291970803,0.96484375
0,coarse_r2,2.597097001853399,0.5627578115425684,-0.3449080169080169,0.9,-0.5374347454347455,0.901,-0.025646305646305646,0.888,1.0,0.4604291815854768,0.9,0.0,0.0,0.0,0.0,0.0,0.0,0.0,0.0,0.4792622832320013,0.931,0.0,0.0,0.0,0.0,0.0,0.0,0.0,0.0,0.78,0.0,0.0,0.0797582972684888,-0.24763067200866015,0.87,10,0.750463748399931,0.7193675889328063,0.8894009216589862,0.9817518248175182,1.0
0,coarse_r3,10.494147005374543,0.3063897854235527,-0.18905652905652906,0.9,-0.44093105693105694,0.9,0.08151784551784552,0.896,1.0,0.4004922930281984,0.9,0.0,0.0,0.0,0.0,0.0,0.0,0.0,0.0,0.42773774320784547,0.947,0.0,0.0,0.0,0.0,0.0,0.0,0.0,0.0,0.83,0.0,0.0,0.015038016962696125,-0.16362441763596272,0.95,10,0.9790248356193676,0.7549407114624506,0.8940092165898618,0.9562043795620438,0.98828125
1,fno_n100,4.452434994163923,0.22938614201777646,0.5893213213213213,0.899,0.6188591228591229,0.897,0.43977819177819183,0.911,1.0,0.009673028521703507,0.899,0.0,0.0,0.0,0.0,0.0,0.0,0.073,0.028,0.011108488967177846,0.952,0.0,0.0,0.0,0.0,0.0,0.0,0.025,0.008,0.99,0.0,0.0,0.12834327866223214,-0.04523106221685575,0.92,10,0.9666107446169668,1.0,0.9915966386554622,0.9352226720647774,0.6653225806451613
1,c1_r2_n100,3.5770179965766147,0.6802222785367948,0.8786933546933549,0.895,0.8636371556371557,0.895,0.8883399483399483,0.877,1.0,0.14592437286064197,0.895,0.0,0.0,0.0,0.0,0.0,0.0,0.0,0.0,0.16086883551227055,0.944,0.0,0.0,0.0,0.0,0.0,0.0,0.0,0.0,0.94,0.0,0.0,0.3368208231414244,0.06479458127456525,0.86,10,0.4984168168775692,0.9026217228464419,0.8991596638655462,0.8906882591093117,0.8870967741935484
1,c1_r3_n100,12.310680991504341,0.3311784493029167,0.5593526233526234,0.897,0.475973107973108,0.886,0.6106869466869467,0.877,1.0,0.2015021578071257,0.897,0.0,0.0,0.0,0.0,0.0,0.0,0.003,0.003,0.22313351206410084,0.95,0.0,0.0,0.0,0.0,0.0,0.0,0.0,0.0,0.93,0.0,0.0,0.025262647957553997,-0.1428394429233131,0.88,10,0.9723019263647548,0.8726591760299626,0.8907563025210085,0.8987854251012146,0.9274193548387096
1,fno_n400,3.431456490943674,0.14664289447791992,0.6368057648057648,0.915,0.6450704490704491,0.906,0.5076098196098197,0.914,1.0,0.006651697401719496,0.915,0.0,0.0,0.0,0.0,0.014,0.01,0.366,0.008,0.007228700134410916,0.945,0.0,0.0,0.0,0.0,0.006,0.004,0.301,0.002,0.98,0.0,0.0,0.017409673394856343,-0.038506012989292515,0.95,10,0.9864926220031179,1.0,0.9957983193277311,0.9352226720647774,0.7258064516129032
1,c1_r2_n400,3.5122924964525737,0.7212029651812488,0.9135919095919097,0.887,0.9042135522135522,0.87,0.9184121104121106,0.877,1.0,0.12054524128252914,0.887,0.0,0.0,0.0,0.0,0.0,0.0,0.0,0.0,0.13142424953571086,0.937,0.0,0.0,0.0,0.0,0.0,0.0,0.0,0.0,0.92,0.0,0.0,0.5838841463866932,1.4706504108526053,0.9,10,0.40600917352590393,0.898876404494382,0.8865546218487395,0.8663967611336032,0.8951612903225806
1,c1_r3_n400,12.306577496929094,0.3397991520674562,0.5832087552087553,0.886,0.5054167094167094,0.88,0.6426679986679987,0.878,1.0,0.17526116285534252,0.886,0.0,0.0,0.0,0.0,0.0,0.0,0.001,0.001,0.19079452041207634,0.946,0.0,0.0,0.0,0.0,0.0,0.0,0.0,0.0,0.91,0.0,0.0,0.027789470012708258,-0.1446353173515345,0.88,10,0.9723019263647548,0.8651685393258427,0.8823529411764706,0.8704453441295547,0.9274193548387096
2,fno_n100,3.605638492444996,0.2433214802913331,0.5377294417294417,0.882,0.5742983022983024,0.878,0.34380358380358383,0.884,1.0,0.009774664378139392,0.882,0.0,0.0,0.0,0.0,0.0,0.0,0.062,0.021,0.011322716978639603,0.953,0.0,0.0,0.0,0.0,0.0,0.0,0.025,0.005,1.0,0.0,0.0,0.2273761882095074,-0.10418431829115363,0.97,10,0.9348520803199512,1.0,1.0,0.907563025210084,0.6097560975609756
2,c1_r2_n100,3.6235000006854534,0.6823108379636613,0.8559890679890682,0.913,0.8417902937902938,0.903,0.8732774972774974,0.886,1.0,0.14895209755406957,0.913,0.0,0.0,0.0,0.0,0.0,0.0,0.0,0.0,0.16656618170241053,0.961,0.0,0.0,0.0,0.0,0.0,0.0,0.0,0.0,0.95,0.0,0.0,0.32913317586599394,0.710261458063614,0.94,10,0.6252401659973246,0.8979591836734694,0.915129151291513,0.8991596638655462,0.9390243902439024
2,c1_r3_n100,13.114206492900848,0.33282029744841557,0.5044581364581364,0.895,0.4177889497889498,0.888,0.5843796203796204,0.888,1.0,0.20277227818260588,0.895,0.0,0.0,0.0,0.0,0.0,0.0,0.006,0.005,0.22298769753172368,0.952,0.0,0.0,0.0,0.0,0.0,0.0,0.003,0.002,0.92,0.0,0.0,0.022276481224596013,-0.14679789342563768,0.9,10,0.9994240808102969,0.8326530612244898,0.8966789667896679,0.8865546218487395,0.9634146341463414
2,fno_n400,3.6872144919470884,0.14862449202841405,0.5663452103452103,0.893,0.5876819996819996,0.885,0.436012396012396,0.892,1.0,0.006712382480018615,0.893,0.0,0.0,0.0,0.0,0.016,0.008,0.355,0.007,0.007515595417850268,0.946,0.0,0.0,0.0,0.0,0.002,0.001,0.269,0.004,0.99,0.0,0.0,0.0403373271273897,-0.06928115374299916,0.95,10,0.9999164764975539,1.0,0.996309963099631,0.9159663865546218,0.6504065040650406
2,c1_r2_n400,3.6384284976520576,0.7280261063644077,0.9126594246594246,0.894,0.9040510480510482,0.885,0.9170991770991772,0.886,1.0,0.11911405102853637,0.894,0.0,0.0,0.0,0.0,0.0,0.0,0.0,0.0,0.1340670771662557,0.954,0.0,0.0,0.0,0.0,0.0,0.0,0.0,0.0,0.95,0.0,0.0,0.7919425598328773,3.51382260504534,0.9,10,0.4079911374758706,0.8693877551020408,0.8856088560885609,0.8991596638655462,0.9227642276422764
2,c1_r3_n400,13.1142225000076,0.3396528011349955,0.5477866997866998,0.884,0.4687305247305248,0.874,0.6272798312798313,0.895,1.0,0.1722048511413378,0.884,0.0,0.0,0.0,0.0,0.0,0.0,0.001,0.0,0.1874353762207937,0.951,0.0,0.0,0.0,0.0,0.0,0.0,0.001,0.0,0.92,0.0,0.0,0.024904057465346845,-0.1461360920104916,0.84,10,0.9994240808102969,0.8163265306122449,0.8819188191881919,0.8781512605042017,0.959349593495935
