repeat,model,refine,median_field
0,g12_n100,4,0.20753734106991475
0,fno_n100,4,0.2360766217018549
0,fnosmall_n100,4,0.35391802822527463
0,g12_n400,4,0.1351580304489652
0,fno_n400,4,0.14416385450495256
0,fnosmall_n400,4,0.21777253863093754
0,g12_n100,5,0.5935739204240763
0,fno_n100,5,0.24151690412910817
0,fnosmall_n100,5,0.3601767651342426
0,g12_n400,5,0.5727539600427353
0,fno_n400,5,0.1696662638396777
0,fnosmall_n400,5,0.22380222232191274
0,g12_n100,6,0.7260558059561975
0,fno_n100,6,0.24687925630177426
0,fnosmall_n100,6,0.3604134157928113
0,g12_n400,6,0.7100523768764041
0,fno_n400,6,0.17343117267231997
0,fnosmall_n400,6,0.23017270404048396
0,g12_n100,7,0.8213463833680995
0,fno_n100,7,0.24956587397385058
0,fnosmall_n100,7,0.360316421789607
0,g12_n400,7,0.810153160432777
0,fno_n400,7,0.17001991146790982
0,fnosmall_n400,7,0.22862669298373023
1,g12_n100,4,0.2186291356073793
1,fno_n100,4,0.23329346139288828
1,fnosmall_n100,4,0.36424067729715026
1,g12_n400,4,0.1528442870530456
1,fno_n400,4,0.14286232010563177
1,fnosmall_n400,4,0.22969271345051823
1,g12_n100,5,0.5732398235484092
1,fno_n100,5,0.24136594404705547
1,fnosmall_n100,5,0.3724380623929885
1,g12_n400,5,0.5826788707179764
1,fno_n400,5,0.16491264358456198
1,fnosmall_n400,5,0.23720644817341172
1,g12_n100,6,0.6939200419179943
1,fno_n100,6,0.24853390061244532
1,fnosmall_n100,6,0.3745290184661113
1,g12_n400,6,0.7163890425854911
1,fno_n400,6,0.17216789740991606
1,fnosmall_n400,6,0.24269320726312119
1,g12_n100,7,0.7895391788922215
1,fno_n100,7,0.246608234901568
1,fnosmall_n100,7,0.3728019797211376
1,g12_n400,7,0.8072598887898387
1,fno_n400,7,0.16873725419839877
1,fnosmall_n400,7,0.24423670119740593
2,g12_n100,4,0.21202872372306125
2,fno_n100,4,0.24393697146038726
2,fnosmall_n100,4,0.34571802646831995
2,g12_n400,4,0.1408294215132725
2,fno_n400,4,0.145829899848943
2,fnosmall_n400,4,0.2236938317495327
2,g12_n100,5,0.6067157681353479
2,fno_n100,5,0.25234374018780603
2,fnosmall_n100,5,0.3468692567649674
2,g12_n400,5,0.5512327741929943
2,fno_n400,5,0.16457264132685073
2,fnosmall_n400,5,0.2293140613233274
2,g12_n100,6,0.7401401354759931
2,fno_n100,6,0.2566549175317958
2,fnosmall_n100,6,0.3487721398519431
2,g12_n400,6,0.6897548197112444
2,fno_n400,6,0.17290331104916223
2,fnosmall_n400,6,0.23533813557914876
2,g12_n100,7,0.8307163138168635
2,fno_n100,7,0.2553173025527012
2,fnosmall_n100,7,0.3510648911796895
2,g12_n400,7,0.7944729100976766
2,fno_n400,7,0.17166379633437284
2,fnosmall_n400,7,0.23449910742071567
