repeat,n_train,variant,refine,median_field,median_energy
0,100,nearest,4,0.23688629899143201,0.08000559725575346
0,100,linear,4,0.23688629899143201,0.08000559725575346
0,400,nearest,4,0.1775802266653393,0.05867425932161338
0,400,linear,4,0.1775802266653393,0.05867425932161338
0,100,nearest,5,0.739435067650495,0.48482723684271434
0,100,linear,5,0.6611062597023503,0.2324450451484267
0,400,nearest,5,0.6426508116493641,0.375446882369163
0,400,linear,5,0.501341595546142,0.18076840565092778
0,100,nearest,6,0.8620010460299667,0.6902927883842773
0,100,linear,6,0.8643165242974136,0.3705419924776816
0,400,nearest,6,0.779657210656011,0.565971355327119
0,400,linear,6,0.6518192545306184,0.26781573951516147
0,100,nearest,7,0.9262247783622827,0.8234970156001028
0,100,linear,7,0.9760345726099122,0.5011995162551913
0,400,nearest,7,0.8663374388064469,0.7182176714946717
0,400,linear,7,0.7603777504499868,0.36017202904883205
1,100,nearest,4,0.25164844016838445,0.08196653443848101
1,100,linear,4,0.25164844016838445,0.08196653443848101
1,400,nearest,4,0.17727492821244445,0.053364847675903174
1,400,linear,4,0.17727492821244445,0.053364847675903174
1,100,nearest,5,0.6629775885631426,0.42085997571063183
1,100,linear,5,0.5212187424000562,0.19917020220597903
1,400,nearest,5,0.6135786990255514,0.3769945056066677
1,400,linear,5,0.4391503949133038,0.16810956913233838
1,100,nearest,6,0.8007684189270087,0.609737049426259
1,100,linear,6,0.6749050623803196,0.30398506298991124
1,400,nearest,6,0.7654189844914547,0.5725633778717802
1,400,linear,6,0.5829426451025728,0.24734890891711198
1,100,nearest,7,0.8810498560881761,0.7496197774448502
1,100,linear,7,0.787217233256982,0.4142395553016825
1,400,nearest,7,0.8605042383571966,0.7199049968963602
1,400,linear,7,0.6959892681358761,0.3344964336235686
