repeat,surrogate,median_rel_err,median_power_balance,median_pec_violation,median_gauss_fine,median_residual
0,g12_n100,0.2072200425798923,5.197360000800474e-15,0.0,0.3147903111509456,3.226368527164949
0,fno_n100,0.23080660236631712,1.9560075375696542,0.03954535443435038,0.28404649589669884,27.503302305760023
0,fnosmall_n100,0.3460290771050921,1.1674193118343066,0.063393488487656,0.3428647419759176,19.734998006643156
0,g12_n400,0.13665519943252963,4.652965313094547e-15,0.0,0.20760771630652208,3.0762817651354033
0,fno_n400,0.14784600627998684,2.2263800849408266,0.023717059440326184,0.20144555655467666,28.77993268100954
0,fnosmall_n400,0.21551708301318911,1.4680391626750078,0.038845309800834726,0.2749040786160305,21.093427263750023
1,g12_n100,0.21891744796916307,5.771695749620503e-15,0.0,0.32544728251691535,3.2595298214950397
1,fno_n100,0.23078705471890087,2.4843773253624875,0.038956821226621544,0.2803417096901875,31.965330688998883
1,fnosmall_n100,0.3603253464382692,1.0440958894688173,0.06193023503090693,0.3412902958461769,18.618161186318545
1,g12_n400,0.14969114057575428,5.2208807131311384e-15,0.0,0.2346759539351264,3.0497968949753007
1,fno_n400,0.14716618846043827,2.421807438434141,0.022968545434136647,0.20397975377142963,31.328389472025442
1,fnosmall_n400,0.23276798553573558,1.3733051023268472,0.04516059325450504,0.2888223508745272,19.979917150982857
2,g12_n100,0.21292668607253423,5.1571944295370196e-15,0.0,0.3162630602388746,3.2155856847361948
2,fno_n100,0.2443837701169686,2.44624881320794,0.03892546800557653,0.2983679377143874,32.100083737483814
2,fnosmall_n100,0.3586015596737311,0.9578325323933182,0.0636849135907772,0.35277145555607425,19.941819202694276
2,g12_n400,0.1377056757318058,4.801792219071325e-15,0.0,0.2115668342848577,3.119650516450055
2,fno_n400,0.14905178886539205,2.272544319162396,0.02413335977392058,0.20303229228611658,30.63305460555419
2,fnosmall_n400,0.22348635730767902,1.1727152012769424,0.036807461253769755,0.2830746964748782,21.4253003808835
