repeat,surrogate,eps_median,spearman_D,cov_D_a0.1,spearman_M,cov_M_a0.1,spearman_2,cov_2_a0.1,cov_naive_D,qhat_a0.1,cov_a0.1,accept_a0.1_t0.02,falseaccept_a0.1_t0.02,accept_a0.1_t0.05,falseaccept_a0.1_t0.05,accept_a0.1_t0.1,falseaccept_a0.1_t0.1,accept_a0.1_t0.2,falseaccept_a0.1_t0.2,qhat_a0.05,cov_a0.05,accept_a0.05_t0.02,falseaccept_a0.05_t0.02,accept_a0.05_t0.05,falseaccept_a0.05_t0.05,accept_a0.05_t0.1,falseaccept_a0.05_t0.1,accept_a0.05_t0.2,falseaccept_a0.05_t0.2,cov_sel_a0.1,falseaccept_sel_t0.1,accept_sel_t0.1,fom_bias_all,fom_bias_sel,cov_sel_recal_a0.1,topk_calls,topk_true_fom_ratio,cov_bin_0.2_0.3,cov_bin_0.3_0.4,cov_bin_0.4_0.5,cov_bin_0.5_0.6
0,coarse_r2,0.5643031304637895,-0.32332690732690733,0.909,-0.5257712017712017,0.901,0.02121687321687322,0.898,1.0,0.4635281142579812,0.909,0.0,0.0,0.0,0.0,0.0,0.0,0.0,0.0,0.4924587158783046,0.959,0.0,0.0,0.0,0.0,0.0,0.0,0.0,0.0,0.83,0.0,0.0,0.08022737753334712,-0.33172570390744993,0.93,10,0.6964767841171629,0.7598425196850394,0.9066147859922179,0.9764705882352941,1.0
0,coarse_r3,0.3099361969180262,-0.15471407871407872,0.919,-0.4467213867213868,0.904,0.15950361950361952,0.91,1.0,0.403483071033257,0.919,0.0,0.0,0.0,0.0,0.0,0.0,0.0,0.0,0.42694601601209853,0.963,0.0,0.0,0.0,0.0,0.0,0.0,0.0,0.0,0.83,0.0,0.0,0.00898491844672003,-0.15956789112520395,0.93,10,0.9873901275590806,0.8228346456692913,0.8988326848249028,0.9607843137254902,1.0
0,pod_16,0.820977996861298,0.9291679131679131,0.903,0.9323564363564364,0.888,0.8836876876876878,0.893,0.711,1.1262178657747073,0.903,0.0,0.0,0.0,0.0,0.0,0.0,0.0,0.0,1.1899314005790058,0.956,0.0,0.0,0.0,0.0,0.0,0.0,0.0,0.0,0.84,0.0,0.0,3.9564566082730614,10.801444787563954,0.9,10,0.6299705302603065,1.0,1.0,0.8588235294117647,0.7393162393162394
0,pod_64,0.34100892442324127,0.9255296775296777,0.909,0.9273627153627153,0.899,0.88380163980164,0.894,1.0,0.41561645742394593,0.909,0.0,0.0,0.0,0.0,0.0,0.0,0.033,0.005,0.4528485572504935,0.954,0.0,0.0,0.0,0.0,0.0,0.0,0.022,0.002,0.98,0.0,0.0,1.9046043477166703,2.8715345411518296,0.98,10,0.9723287395354971,0.9606299212598425,0.9182879377431906,0.8627450980392157,0.8931623931623932
0,pod_128,0.2640704114030944,0.9285590325590326,0.895,0.9361498321498322,0.899,0.8796648516648518,0.9,1.0,0.28732813437304167,0.895,0.0,0.0,0.0,0.0,0.01,0.002,0.175,0.012,0.30807068757317285,0.949,0.0,0.0,0.0,0.0,0.007,0.0,0.14,0.007,0.98,0.0,0.01,1.0627767055700206,0.38120500157863113,0.8,10,0.9783343940298009,0.9763779527559056,0.953307392996109,0.8745098039215686,0.7649572649572649
1,coarse_r2,0.5668617629186548,-0.3481841281841282,0.876,-0.5465902505902506,0.859,0.031196839196839198,0.914,1.0,0.45816629072859133,0.876,0.0,0.0,0.0,0.0,0.0,0.0,0.0,0.0,0.4741552054770737,0.916,0.0,0.0,0.0,0.0,0.0,0.0,0.0,0.0,0.72,0.0,0.0,0.0854223998823247,-0.3686152769942446,0.8,10,0.6560262474695431,0.7058823529411765,0.8352941176470589,0.9793388429752066,0.9919354838709677
1,coarse_r3,0.3085775050303583,-0.18023563223563224,0.899,-0.47348948948948955,0.884,0.1290679410679411,0.912,1.0,0.40419568683161267,0.899,0.0,0.0,0.0,0.0,0.0,0.0,0.0,0.0,0.4301414403045449,0.945,0.0,0.0,0.0,0.0,0.0,0.0,0.0,0.0,0.83,0.0,0.0,0.009984128334462617,-0.16694950615824358,0.83,10,0.9887434143154676,0.7490196078431373,0.8823529411764706,0.9710743801652892,1.0
1,pod_16,0.730628855431557,0.9148098988098987,0.897,0.9233724713724716,0.899,0.869065445065445,0.892,0.733,1.1394768598662135,0.897,0.0,0.0,0.0,0.0,0.0,0.0,0.0,0.0,1.2023522193018357,0.94,0.0,0.0,0.0,0.0,0.0,0.0,0.0,0.0,0.75,0.0,0.0,3.3325475947517718,5.42373388306189,0.82,10,0.3604167773136519,1.0,0.9725490196078431,0.8801652892561983,0.7298387096774194
1,pod_64,0.39920270280236586,0.9132981732981732,0.906,0.9158886638886639,0.902,0.8747189387189388,0.91,1.0,0.4513824584355693,0.906,0.0,0.0,0.0,0.0,0.0,0.0,0.026,0.002,0.4952700042315662,0.955,0.0,0.0,0.0,0.0,0.0,0.0,0.016,0.002,0.96,0.0,0.0,2.648088237873516,3.2555613426553434,0.88,10,0.9751901615333383,0.9921568627450981,0.9450980392156862,0.8966942148760331,0.7862903225806451
1,pod_128,0.304216135384242,0.9343593463593463,0.906,0.9374470454470455,0.891,0.8936741336741337,0.908,1.0,0.2811258928602705,0.906,0.0,0.0,0.0,0.0,0.006,0.002,0.144,0.01,0.30975410980850365,0.967,0.0,0.0,0.0,0.0,0.002,0.0,0.1,0.004,0.91,0.0,0.0,2.939259496007503,11.622987159822173,0.9,10,0.9751901615333385,0.984313725490196,0.8705882352941177,0.8801652892561983,0.8870967741935484
2,coarse_r2,0.5614698969857621,-0.36972999372999377,0.907,-0.5524813804813805,0.91,-0.013665277665277665,0.9,1.0,0.46652104254465104,0.907,0.0,0.0,0.0,0.0,0.0,0.0,0.0,0.0,0.4943520085814095,0.96,0.0,0.0,0.0,0.0,0.0,0.0,0.0,0.0,0.85,0.0,0.0,0.12197904696974374,-0.26493315037686416,0.97,10,0.8761385458380203,0.7598425196850394,0.8875,0.9880952380952381,0.9921259842519685
2,coarse_r3,0.30746072071931885,-0.17994538794538795,0.9,-0.46255581055581063,0.909,0.11578518778518779,0.896,1.0,0.39927239430889155,0.9,0.0,0.0,0.0,0.0,0.0,0.0,0.0,0.0,0.42794249118001704,0.948,0.0,0.0,0.0,0.0,0.0,0.0,0.0,0.0,0.82,0.0,0.0,0.01807086268249192,-0.15180815180567714,0.89,10,0.9991914009743025,0.8031496062992126,0.8541666666666666,0.9563492063492064,0.984251968503937
2,pod_16,0.668643228755541,0.9167631887631887,0.898,0.9250042330042332,0.901,0.8860326580326581,0.898,0.713,1.150649672145964,0.898,0.0,0.0,0.0,0.0,0.0,0.0,0.0,0.0,1.2170485652585858,0.946,0.0,0.0,0.0,0.0,0.0,0.0,0.0,0.0,0.78,0.0,0.0,2.702906928276413,3.6481337232062585,0.89,10,0.6200741612808494,1.0,1.0,0.9484126984126984,0.6496062992125984
2,pod_64,0.3629050928510895,0.9308512508512508,0.917,0.9344322104322105,0.916,0.8876431556431558,0.898,1.0,0.40966800657720803,0.917,0.0,0.0,0.0,0.0,0.0,0.0,0.031,0.003,0.4484615665329828,0.962,0.0,0.0,0.0,0.0,0.0,0.0,0.021,0.003,0.97,0.0,0.0,3.0836314368868254,14.558862688430215,0.97,10,0.9697619973915467,0.984251968503937,0.9416666666666667,0.9126984126984127,0.8307086614173228
2,pod_128,0.2817543520921574,0.9473235353235354,0.901,0.9547201147201149,0.908,0.9013815733815734,0.893,1.0,0.2737021466439372,0.901,0.0,0.0,0.0,0.0,0.005,0.001,0.158,0.01,0.2955930111880287,0.959,0.0,0.0,0.0,0.0,0.002,0.0,0.127,0.008,0.94,0.0,0.0,1.333178345275457,0.45425280637140525,0.93,10,0.9745254464418751,0.984251968503937,0.95,0.8888888888888888,0.7834645669291339
3,coarse_r2,0.5676223535759755,-0.3177387057387058,0.878,-0.499076155076155,0.889,0.031291207291207296,0.892,1.0,0.4619231162583691,0.878,0.0,0.0,0.0,0.0,0.0,0.0,0.0,0.0,0.48682177724550696,0.937,0.0,0.0,0.0,0.0,0.0,0.0,0.0,0.0,0.79,0.0,0.0,0.0726672975850768,-0.29352891430341665,0.85,10,0.685421574801039,0.692,0.8687258687258688,0.9635627530364372,0.9918032786885246
3,coarse_r3,0.3110427862763281,-0.10987642987642987,0.902,-0.39629941229941235,0.892,0.12429668829668829,0.884,1.0,0.4017760788869121,0.902,0.0,0.0,0.0,0.0,0.0,0.0,0.0,0.0,0.42165779609145754,0.927,0.0,0.0,0.0,0.0,0.0,0.0,0.0,0.0,0.85,0.0,0.0,0.010210755958437569,-0.1577655845290854,0.9,10,0.995764210259776,0.784,0.8841698841698842,0.9554655870445344,0.9877049180327869
3,pod_16,0.7536605184119085,0.912943632943633,0.886,0.9181759381759381,0.874,0.8788164868164868,0.902,0.712,1.1243268114294813,0.886,0.0,0.0,0.0,0.0,0.0,0.0,0.0,0.0,1.1808435034895202,0.931,0.0,0.0,0.0,0.0,0.0,0.0,0.0,0.0,0.79,0.0,0.0,3.588291908490917,9.313711234062877,0.86,10,0.47822042925650887,1.0,0.9961389961389961,0.8744939271255061,0.6639344262295082
3,pod_64,0.4999372242128175,0.9246222366222366,0.889,0.9247132087132086,0.894,0.8887575007575008,0.892,1.0,0.4375562684436551,0.889,0.0,0.0,0.0,0.0,0.0,0.0,0.009,0.0,0.4715442404517068,0.939,0.0,0.0,0.0,0.0,0.0,0.0,0.008,0.0,0.93,0.0,0.0,6.782876167973554,26.45139854434447,0.91,10,0.9199168433527015,0.968,0.9343629343629344,0.8016194331983806,0.8483606557377049
3,pod_128,0.2947760870644705,0.9308743988743989,0.89,0.9354972954972957,0.878,0.8878853638853638,0.911,1.0,0.27558599398074857,0.89,0.0,0.0,0.0,0.0,0.005,0.002,0.144,0.008,0.2960642057243232,0.939,0.0,0.0,0.0,0.0,0.003,0.001,0.122,0.006,0.89,0.01,0.01,2.764259619136805,0.9740090905705088,0.87,10,0.9969256567970068,0.988,0.9073359073359073,0.8218623481781376,0.8401639344262295
4,coarse_r2,0.5572252555755166,-0.2813764613764614,0.919,-0.46294509094509095,0.924,0.03665984465984466,0.918,1.0,0.4638388078868673,0.919,0.0,0.0,0.0,0.0,0.0,0.0,0.0,0.0,0.4882758020241027,0.962,0.0,0.0,0.0,0.0,0.0,0.0,0.0,0.0,0.83,0.0,0.0,0.11523551500941254,-0.3243713353663583,0.9,10,0.6330897058397227,0.7851239669421488,0.8968253968253969,0.987603305785124,1.0
4,coarse_r3,0.3067591921218513,-0.15042817842817843,0.923,-0.42382041982041985,0.92,0.15325889725889727,0.894,1.0,0.4040825426284225,0.923,0.0,0.0,0.0,0.0,0.0,0.0,0.0,0.0,0.42959290254285476,0.958,0.0,0.0,0.0,0.0,0.0,0.0,0.0,0.0,0.83,0.0,0.0,0.014016581965881923,-0.15166485981560526,0.84,10,0.9954471455794167,0.7933884297520661,0.9087301587301587,0.9834710743801653,1.0
4,pod_16,0.838603545494665,0.9377596817596818,0.903,0.9444137604137605,0.903,0.8982913422913422,0.909,0.689,1.1578418637157069,0.903,0.0,0.0,0.0,0.0,0.0,0.0,0.0,0.0,1.2278419241403922,0.957,0.0,0.0,0.0,0.0,0.0,0.0,0.0,0.0,0.8,0.0,0.0,2.8465923873664605,4.051292355878798,0.92,10,0.6045575297798539,1.0,1.0,0.8512396694214877,0.7689393939393939
4,pod_64,0.3835181433693433,0.9091921171921172,0.915,0.9184508464508466,0.902,0.8586148506148508,0.902,1.0,0.4249750510085379,0.915,0.0,0.0,0.0,0.0,0.0,0.0,0.015,0.004,0.4592822306678748,0.961,0.0,0.0,0.0,0.0,0.0,0.0,0.006,0.001,0.98,0.0,0.0,3.0237839793157795,9.18623763029957,0.93,10,0.9947820587820986,0.9793388429752066,0.9523809523809523,0.8801652892561983,0.8522727272727273
4,pod_128,0.2723297893428863,0.9251021291021292,0.913,0.9296631176631176,0.9,0.8843610443610443,0.921,1.0,0.2845269542479458,0.913,0.0,0.0,0.0,0.0,0.007,0.003,0.159,0.007,0.30692385010864986,0.96,0.0,0.0,0.0,0.0,0.003,0.001,0.128,0.003,0.97,0.0,0.0,1.887898551926232,0.9116110756545888,0.96,10,0.9954471455794167,1.0,0.9563492063492064,0.8801652892561983,0.821969696969697
